Protocollo;Gruppo;DataOraIncidente;Localizzazione1;STRADA1;Localizzazione2;STRADA2;Strada02;Chilometrica;DaSpecificare;NaturaIncidente;particolaritastrade;TipoStrada;FondoStradale;Pavimentazione;Segnaletica;CondizioneAtmosferica;Traffico;Visibilita;Illuminazione;NUM_FERITI;NUM_RISERVATA;NUM_MORTI;NUM_ILLESI;Longitudine;Latitudine;Confermato;Progressivo;TipoVeicolo;StatoVeicolo;TipoPersona;Sesso;Tipolesione;Deceduto;DecedutoDopo;CinturaCascoUtilizzato;Airbag
2717290;8;01/03/2016 12:10;Strada Urbana;VIALE DUILIO CAMBELLOTTI;in prossimità;;del civico n.;11;;Veicolo in marcia contro ostacolo accidentale;Rettilineo;Due carreggiate;Asciutto;Asfaltata;Verticale ed orizzontale;Sereno;Normale;Sufficiente;Ore Diurne;1;0;0;2;12.63316;41.86978;-1;1;Autovettura privata;In marcia / fermata / arresto;Conducente;M;Illeso;0;;Non accertato;Inesploso
2717290;8;01/03/2016 12:10;Strada Urbana;VIALE DUILIO CAMBELLOTTI;in prossimità;;del civico n.;11;;Veicolo in marcia contro ostacolo accidentale;Rettilineo;Due carreggiate;Asciutto;Asfaltata;Verticale ed orizzontale;Sereno;Normale;Sufficiente;Ore Diurne;1;0;0;2;12.63316;41.86978;-1;2;Autovettura privata;In marcia / fermata / arresto;Conducente;M;Illeso;0;;Non accertato;Inesploso
2717290;8;01/03/2016 12:10;Strada Urbana;VIALE DUILIO CAMBELLOTTI;in prossimità;;del civico n.;11;;Veicolo in marcia contro ostacolo accidentale;Rettilineo;Due carreggiate;Asciutto;Asfaltata;Verticale ed orizzontale;Sereno;Normale;Sufficiente;Ore Diurne;1;0;0;2;12.63316;41.86978;-1;2;Autovettura privata;In marcia / fermata / arresto;Passeggero;F;Rifiuta cure immediate;0;NON DECEDUTO;Non accertato;Inesploso
2717295;8;01/03/2016 17:30;Strada Urbana;VIA ENRICO GIGLIOLI;in prossimità;;del civico n.;87;;Veicolo in marcia contro veicolo in sosta;Rettilineo;Una carreggiata a doppio senso;Asciutto;Asfaltata;Assente;Nebbia;Intenso;Buona;Ore Diurne;0;0;0;1;12.59842;41.87087;-1;1;Autovettura privata;In marcia / fermata / arresto;Conducente;M;Illeso;0;;Non accertato;Inesploso
2717296;5;01/03/2016 08:50;Strada Urbana;VIA DI PORTONACCIO;in prossimità;;del civico n.;224;;Veicolo in marcia contro ostacolo fisso;Rettilineo;Due carreggiate;Asciutto;Asfaltata;Verticale ed orizzontale;Sereno;Scarso;Buona;Ore Diurne;0;0;0;1;12.54057;41.89697;-1;1;Motociclo a solo;In marcia / fermata / arresto;Conducente;M;Illeso;0;;Non accertato;
2717307;5;01/03/2016 12:00;Strada Urbana;VIA DI PORTONACCIO;in corrispondenza;;del civico n.;20;;Scontro frontale/laterale SX fra veicoli in marcia;Rettilineo;Una carreggiata a doppio senso;Asciutto;Asfaltata;Verticale ed orizzontale;Sereno;Normale;Buona;Ore Diurne;0;0;0;3;12.53577;41.90492;-1;1;Motociclo a solo;In marcia / fermata / arresto;Conducente;M;Illeso;0;;Non accertato;
2717307;5;01/03/2016 12:00;Strada Urbana;VIA DI PORTONACCIO;in corrispondenza;;del civico n.;20;;Scontro frontale/laterale SX fra veicoli in marcia;Rettilineo;Una carreggiata a doppio senso;Asciutto;Asfaltata;Verticale ed orizzontale;Sereno;Normale;Buona;Ore Diurne;0;0;0;3;12.53577;41.90492;-1;2;Autovettura privata;In marcia / fermata / arresto;Conducente;F;Illeso;0;;Non accertato;
2717307;5;01/03/2016 12:00;Strada Urbana;VIA DI PORTONACCIO;in corrispondenza;;del civico n.;20;;Scontro frontale/laterale SX fra veicoli in marcia;Rettilineo;Una carreggiata a doppio senso;Asciutto;Asfaltata;Verticale ed orizzontale;Sereno;Normale;Buona;Ore Diurne;0;0;0;3;12.53577;41.90492;-1;2;Autovettura privata;In marcia / fermata / arresto;Passeggero;F;Illeso;0;;Non accertato;
2717315;17;02/03/2016 06:50;Strada Urbana;PIAZZA DELLE CINQUE GIORNATE;in prossimità;;del civico n.;3;;Scontro frontale/laterale DX fra veicoli in marcia;Pianeggiante;Una carreggiata a senso unico di marcia;Asciutto;Asfaltata;Verticale ed orizzontale;Sereno;Normale;Buona;Ore Diurne;0;0;0;7;12.46975;41.91398;-1;1;Veicolo speciale;In marcia / fermata / arresto;Conducente;M;Illeso;0;;Non accertato;
2717315;17;02/03/2016 06:50;Strada Urbana;PIAZZA DELLE CINQUE GIORNATE;in prossimità;;del civico n.;3;;Scontro frontale/laterale DX fra veicoli in marcia;Pianeggiante;Una carreggiata a senso unico di marcia;Asciutto;Asfaltata;Verticale ed orizzontale;Sereno;Normale;Buona;Ore Diurne;0;0;0;7;12.46975;41.91398;-1;1;Veicolo speciale;In marcia / fermata / arresto;Passeggero;M;Illeso;0;;;
2717315;17;02/03/2016 06:50;Strada Urbana;PIAZZA DELLE CINQUE GIORNATE;in prossimità;;del civico n.;3;;Scontro frontale/laterale DX fra veicoli in marcia;Pianeggiante;Una carreggiata a senso unico di marcia;Asciutto;Asfaltata;Verticale ed orizzontale;Sereno;Normale;Buona;Ore Diurne;0;0;0;7;12.46975;41.91398;-1;1;Veicolo speciale;In marcia / fermata / arresto;Passeggero;M;Illeso;0;;;
2717315;17;02/03/2016 06:50;Strada Urbana;PIAZZA DELLE CINQUE GIORNATE;in prossimità;;del civico n.;3;;Scontro frontale/laterale DX fra veicoli in marcia;Pianeggiante;Una carreggiata a senso unico di marcia;Asciutto;Asfaltata;Verticale ed orizzontale;Sereno;Normale;Buona;Ore Diurne;0;0;0;7;12.46975;41.91398;-1;1;Veicolo speciale;In marcia / fermata / arresto;Passeggero;M;Illeso;0;;;
2717315;17;02/03/2016 06:50;Strada Urbana;PIAZZA DELLE CINQUE GIORNATE;in prossimità;;del civico n.;3;;Scontro frontale/laterale DX fra veicoli in marcia;Pianeggiante;Una carreggiata a senso unico di marcia;Asciutto;Asfaltata;Verticale ed orizzontale;Sereno;Normale;Buona;Ore Diurne;0;0;0;7;12.46975;41.91398;-1;1;Veicolo speciale;In marcia / fermata / arresto;Passeggero;F;Illeso;0;;;
2717315;17;02/03/2016 06:50;Strada Urbana;PIAZZA DELLE CINQUE GIORNATE;in prossimità;;del civico n.;3;;Scontro frontale/laterale DX fra veicoli in marcia;Pianeggiante;Una carreggiata a senso unico di marcia;Asciutto;Asfaltata;Verticale ed orizzontale;Sereno;Normale;Buona;Ore Diurne;0;0;0;7;12.46975;41.91398;-1;1;Veicolo speciale;In marcia / fermata / arresto;Passeggero;M;Illeso;0;;;
2717315;17;02/03/2016 06:50;Strada Urbana;PIAZZA DELLE CINQUE GIORNATE;in prossimità;;del civico n.;3;;Scontro frontale/laterale DX fra veicoli in marcia;Pianeggiante;Una carreggiata a senso unico di marcia;Asciutto;Asfaltata;Verticale ed orizzontale;Sereno;Normale;Buona;Ore Diurne;0;0;0;7;12.46975;41.91398;-1;2;Autovettura privata;In marcia / fermata / arresto;Conducente;M;Illeso;0;;Non accertato;
2717318;5;01/03/2016 06:40;Strada Urbana;VIA TIBURTINA;da specificare;;;;altezza VIA LANCIANO;Scontro laterale fra veicoli in marcia;Rettilineo;Due carreggiate;Bagnato (pioggia);Asfaltata;Verticale ed orizzontale;Nuvoloso;Normale;Buona;Ore Diurne;0;0;0;2;12.57445;41.92646;-1;1;Motociclo a solo;In marcia / fermata / arresto;Conducente;M;Illeso;0;;Non accertato;
2717318;5;01/03/2016 06:40;Strada Urbana;VIA TIBURTINA;da specificare;;;;altezza VIA LANCIANO;Scontro laterale fra veicoli in marcia;Rettilineo;Due carreggiate;Bagnato (pioggia);Asfaltata;Verticale ed orizzontale;Nuvoloso;Normale;Buona;Ore Diurne;0;0;0;2;12.57445;41.92646;-1;2;Autovettura privata;In marcia / fermata / arresto;Conducente;F;Illeso;0;;Non accertato;Inesploso
2717327;5;01/03/2016 13:15;Strada Urbana;VIALE GIUSEPPE CAPPI;da specificare;;;;direzione GRA prox. VIA BELMONTE IN SABINA;Veicolo in marcia contro ostacolo accidentale;Curva a visuale libera;Due carreggiate;Asciutto;Asfaltata;Verticale ed orizzontale;Sereno;Normale;Buona;Ore Diurne;0;0;0;1;12.58819;41.94502;-1;1;Autovettura privata;In marcia / fermata / arresto;Conducente;F;Illeso;0;;Non accertato;Inesistente
2717340;5;01/03/2016 18:05;Strada Urbana;VIA DEI DURANTINI;in prossimità;;del civico n.;265;;Tamponamento;Rettilineo;Una carreggiata a doppio senso;Asciutto;Asfaltata;Orizzontale;Sereno;Intenso;Buona;Ore Diurne;1;0;0;1;12.54501;41.91878;-1;1;Autovettura privata;In marcia / fermata / arresto;Conducente;M;Illeso;0;;Non accertato;
2717340;5;01/03/2016 18:05;Strada Urbana;VIA DEI DURANTINI;in prossimità;;del civico n.;265;;Tamponamento;Rettilineo;Una carreggiata a doppio senso;Asciutto;Asfaltata;Orizzontale;Sereno;Intenso;Buona;Ore Diurne;1;0;0;1;12.54501;41.91878;-1;2;Autocarro inferiore 35 q.;In marcia / fermata / arresto;Conducente;M;Rimandato;0;NON DECEDUTO;Non accertato;
2717371;12;01/03/2016 12:30;Provinciale entro l'abitato;VIA ARDEATINA;in prossimità;;della chilometrica;12;;Veicolo in marcia contro ostacolo accidentale;Rettilineo;Una carreggiata a doppio senso;Asciutto;Asfaltata;Verticale ed orizzontale;Sereno;Normale;Buona;Ore Diurne;0;0;0;2;12.52822;41.80219;-1;1;Autovettura privata;In marcia / fermata / arresto;Passeggero;M;Illeso;0;;Utilizzato;Inesploso
2717371;12;01/03/2016 12:30;Provinciale entro l'abitato;VIA ARDEATINA;in prossimità;;della chilometrica;12;;Veicolo in marcia contro ostacolo accidentale;Rettilineo;Una carreggiata a doppio senso;Asciutto;Asfaltata;Verticale ed orizzontale;Sereno;Normale;Buona;Ore Diurne;0;0;0;2;12.52822;41.80219;-1;1;Autovettura privata;In marcia / fermata / arresto;Conducente;M;Illeso;0;;Utilizzato;Inesploso
2717395;16;01/03/2016 11:00;Strada Urbana;VIA DI DONNA OLIMPIA;all'intersezione con;VIA MARIO FIORETTI;VIA MARIO FIORETTI;;;Scontro frontale fra veicoli in marcia;Intersezione non regolata/non segnalata;Una carreggiata a doppio senso;Asciutto;Asfaltata;Orizzontale;Sereno;Normale;Buona;Ore Diurne;1;0;0;1;12.45352;41.87674;-1;1;Autovettura privata;In marcia / fermata / arresto;Conducente;M;Illeso;0;;;
2717395;16;01/03/2016 11:00;Strada Urbana;VIA DI DONNA OLIMPIA;all'intersezione con;VIA MARIO FIORETTI;VIA MARIO FIORETTI;;;Scontro frontale fra veicoli in marcia;Intersezione non regolata/non segnalata;Una carreggiata a doppio senso;Asciutto;Asfaltata;Orizzontale;Sereno;Normale;Buona;Ore Diurne;1;0;0;1;12.45352;41.87674;-1;2;Motociclo a solo;In marcia / fermata / arresto;Conducente;M;Rimandato;0;NON DECEDUTO;;
2717402;7;01/03/2016 10:30;Strada Urbana;VIA DELLE BETULLE;in prossimità;;del civico n.;134;;Veicolo in marcia contro veicolo fermo;Rettilineo;Una carreggiata a senso unico di marcia;Asciutto;Asfaltata;Orizzontale;Sereno;Normale;Buona;Ore Diurne;0;0;0;2;12.5637;41.88758;-1;1;Autovettura privata;In marcia / fermata / arresto;Conducente;F;Illeso;0;;;
2717402;7;01/03/2016 10:30;Strada Urbana;VIA DELLE BETULLE;in prossimità;;del civico n.;134;;Veicolo in marcia contro veicolo fermo;Rettilineo;Una carreggiata a senso unico di marcia;Asciutto;Asfaltata;Orizzontale;Sereno;Normale;Buona;Ore Diurne;0;0;0;2;12.5637;41.88758;-1;2;Autovettura privata;In marcia / fermata / arresto;Conducente;M;Illeso;0;;;
2717403;13;02/03/2016 00:30;Strada Urbana;VIA PADRE MASSARUTI;in prossimità;;del civico n.;91;;Veicolo in marcia contro ostacolo fisso;Rettilineo;Una carreggiata a doppio senso;Asciutto;Con buche;Assente;Sereno;Scarso;Buona;Sufficiente;0;0;0;1;12.35373;41.76282;-1;1;Autovettura privata;In marcia / fermata / arresto;Conducente;M;Illeso;0;;Non accertato;Inesploso
2717425;4;01/03/2016 18:40;Strada Urbana;VIA NOMENTANA NUOVA;da specificare;;;;altezza viale Tirreno;Infortunio per sola frenata improvvisa;Rettilineo;Una carreggiata a doppio senso;Asciutto;Asfaltata;Verticale;Sereno;Intenso;Buona;Sufficiente;1;0;0;0;12.53121;41.93427;-1;1;Ciclomotore;In marcia / fermata / arresto;Conducente;M;Rimandato;0;NON DECEDUTO;Non accertato;
2717434;19;02/03/2016 01:00;Strada Urbana;VIA DELLA PINETA SACCHETTI;all'intersezione con;VIA LUIGI ARBIB PASCUCCI;VIA LUIGI ARBIB PASCUCCI;;;Scontro frontale/laterale SX fra veicoli in marcia;Incrocio;Più di due carreggiate;Asciutto;Asfaltata;Verticale ed orizzontale;Sereno;Scarso;Buona;Sufficiente;1;0;0;1;12.42428;41.9229;-1;1;Motociclo a solo;In marcia / fermata / arresto;Conducente;M;Rifiuta cure immediate;0;NON DECEDUTO;;
2717434;19;02/03/2016 01:00;Strada Urbana;VIA DELLA PINETA SACCHETTI;all'intersezione con;VIA LUIGI ARBIB PASCUCCI;VIA LUIGI ARBIB PASCUCCI;;;Scontro frontale/laterale SX fra veicoli in marcia;Incrocio;Più di due carreggiate;Asciutto;Asfaltata;Verticale ed orizzontale;Sereno;Scarso;Buona;Sufficiente;1;0;0;1;12.42428;41.9229;-1;2;Autovettura privata;In marcia / fermata / arresto;Conducente;M;Illeso;0;;;
2717439;16;01/03/2016 12:30;Strada Urbana;VIA S. VINCENZO DE' PAOLI;da specificare;;;;in corrispondenza del fronte civico 2;Veicolo in marcia contro veicolo in sosta;Rettilineo;Una carreggiata a senso unico di marcia;Asciutto;In cubetti di porfido;Verticale;Sereno;Scarso;Buona;Ore Diurne;0;0;0;1;12.45672;41.87159;-1;2;Autovettura privata;In marcia / fermata / arresto;Conducente;F;Illeso;0;;;
2717441;7;01/03/2016 14:00;Strada Urbana;VIA PRENESTINA;in prossimità;;del civico n.; 478A;;Scontro laterale fra veicoli in marcia;Rettilineo;Una carreggiata a senso unico di marcia;Asciutto;Asfaltata;Assente;Sereno;Normale;Buona;Ore Diurne;0;0;0;2;12.57007;41.89499;-1;1;Autovettura privata;In marcia / fermata / arresto;Conducente;M;Illeso;0;;Non accertato;Inesploso
2717441;7;01/03/2016 14:00;Strada Urbana;VIA PRENESTINA;in prossimità;;del civico n.; 478A;;Scontro laterale fra veicoli in marcia;Rettilineo;Una carreggiata a senso unico di marcia;Asciutto;Asfaltata;Assente;Sereno;Normale;Buona;Ore Diurne;0;0;0;2;12.57007;41.89499;-1;2;Autovettura privata;In marcia / fermata / arresto;Conducente;M;Illeso;0;;Non accertato;Inesploso
2717445;12;01/03/2016 16:00;Strada Urbana;VIA ELIO LAMPRIDIO CERVA;in prossimità;;del civico n.;222;;Veicolo in marcia contro ostacolo accidentale;Rettilineo;Una carreggiata a doppio senso;Asciutto;Asfaltata;Verticale ed orizzontale;Sereno;Scarso;Buona;Ore Diurne;0;0;0;3;12.50289;41.82231;-1;1;Autovettura privata;In marcia / fermata / arresto;Conducente;M;Illeso;0;;Utilizzato;Inesploso
2717445;12;01/03/2016 16:00;Strada Urbana;VIA ELIO LAMPRIDIO CERVA;in prossimità;;del civico n.;222;;Veicolo in marcia contro ostacolo accidentale;Rettilineo;Una carreggiata a doppio senso;Asciutto;Asfaltata;Verticale ed orizzontale;Sereno;Scarso;Buona;Ore Diurne;0;0;0;3;12.50289;41.82231;-1;1;Autovettura privata;In marcia / fermata / arresto;Passeggero;M;Illeso;0;;Utilizzato;Inesploso
2717445;12;01/03/2016 16:00;Strada Urbana;VIA ELIO LAMPRIDIO CERVA;in prossimità;;del civico n.;222;;Veicolo in marcia contro ostacolo accidentale;Rettilineo;Una carreggiata a doppio senso;Asciutto;Asfaltata;Verticale ed orizzontale;Sereno;Scarso;Buona;Ore Diurne;0;0;0;3;12.50289;41.82231;-1;2;Autovettura privata;In marcia / fermata / arresto;Conducente;M;Illeso;0;;Non accertato;Inesistente
2717449;7;01/03/2016 13:45;Strada Urbana;VIA COLLATINA;in prossimità;;del civico n.;413;;Tamponamento;Rettilineo;Una carreggiata a doppio senso;Asciutto;Asfaltata;Verticale ed orizzontale;Sereno;Intenso;Buona;Ore Diurne;1;0;0;1;12.6083;41.90496;-1;1;Autovettura privata;In marcia / fermata / arresto;Conducente;M;Illeso;0;;Non accertato;Inesploso
2717449;7;01/03/2016 13:45;Strada Urbana;VIA COLLATINA;in prossimità;;del civico n.;413;;Tamponamento;Rettilineo;Una carreggiata a doppio senso;Asciutto;Asfaltata;Verticale ed orizzontale;Sereno;Intenso;Buona;Ore Diurne;1;0;0;1;12.6083;41.90496;-1;2;Motociclo a solo;In marcia / fermata / arresto;Conducente;M;Rimandato;0;NON DECEDUTO;Non accertato;
2717451;4;01/03/2016 17:45;Strada Urbana;VIA AMALIA BETTINI;da specificare;;;;prossimità via Enriquez;Scontro laterale fra veicoli in marcia;Curva senza visuale libera;Una carreggiata a senso unico di marcia;Asciutto;Asfaltata;Verticale ed orizzontale;Sereno;Normale;Buona;Ore Diurne;0;0;0;2;12.5308;41.96488;-1;1;Autovettura privata;In marcia / fermata / arresto;Conducente;M;Illeso;0;;Non accertato;Inesistente
2717451;4;01/03/2016 17:45;Strada Urbana;VIA AMALIA BETTINI;da specificare;;;;prossimità via Enriquez;Scontro laterale fra veicoli in marcia;Curva senza visuale libera;Una carreggiata a senso unico di marcia;Asciutto;Asfaltata;Verticale ed orizzontale;Sereno;Normale;Buona;Ore Diurne;0;0;0;2;12.5308;41.96488;-1;2;Autovettura privata;In marcia / fermata / arresto;Conducente;M;Illeso;0;;Non accertato;Inesploso
2717461;19;01/03/2016 09:40;Strada Urbana;VIA DEL PODERE DI S. GIUSTO;in prossimità;;del civico n.;F.C. 49;;Investimento di pedone;Rettilineo;Una carreggiata a doppio senso;Asciutto;Asfaltata;Orizzontale;Sereno;Scarso;Buona;Ore Diurne;1;0;0;1;12.39153;41.92193;-1;;;;Pedone;F;Rimandato;0;NON DECEDUTO;;
2717461;19;01/03/2016 09:40;Strada Urbana;VIA DEL PODERE DI S. GIUSTO;in prossimità;;del civico n.;F.C. 49;;Investimento di pedone;Rettilineo;Una carreggiata a doppio senso;Asciutto;Asfaltata;Orizzontale;Sereno;Scarso;Buona;Ore Diurne;1;0;0;1;12.39153;41.92193;-1;1;Autovettura privata;In marcia / fermata / arresto;Conducente;M;Illeso;0;;;
2717464;16;01/03/2016 12:35;Strada Urbana;VIA DEL CASALE LUMBROSO;all'intersezione con;VIA TULLIO ASCARELLI;VIA TULLIO ASCARELLI;;;Scontro frontale/laterale SX fra veicoli in marcia;Intersezione stradale segnalata;Due carreggiate;Asciutto;Asfaltata;Verticale ed orizzontale;Sereno;Normale;Buona;Ore Diurne;1;0;0;2;12.35492;41.86274;-1;1;Motociclo a solo;In marcia / fermata / arresto;Conducente;M;Ricoverato;0;NON DECEDUTO;;
2717464;16;01/03/2016 12:35;Strada Urbana;VIA DEL CASALE LUMBROSO;all'intersezione con;VIA TULLIO ASCARELLI;VIA TULLIO ASCARELLI;;;Scontro frontale/laterale SX fra veicoli in marcia;Intersezione stradale segnalata;Due carreggiate;Asciutto;Asfaltata;Verticale ed orizzontale;Sereno;Normale;Buona;Ore Diurne;1;0;0;2;12.35492;41.86274;-1;2;Autovettura privata;In marcia / fermata / arresto;Conducente;F;Illeso;0;;;
2717464;16;01/03/2016 12:35;Strada Urbana;VIA DEL CASALE LUMBROSO;all'intersezione con;VIA TULLIO ASCARELLI;VIA TULLIO ASCARELLI;;;Scontro frontale/laterale SX fra veicoli in marcia;Intersezione stradale segnalata;Due carreggiate;Asciutto;Asfaltata;Verticale ed orizzontale;Sereno;Normale;Buona;Ore Diurne;1;0;0;2;12.35492;41.86274;-1;2;Autovettura privata;In marcia / fermata / arresto;Passeggero;M;Illeso;0;;;
2717469;2;02/03/2016 08:00;Strada Urbana;PIAZZA UNGHERIA;all'intersezione semaforizzata con;VIALE ROMANIA;VIALE ROMANIA;;;Scontro frontale/laterale DX fra veicoli in marcia;Intersezione semaforizzata;Una carreggiata a doppio senso;Asciutto;Asfaltata;Verticale ed orizzontale;Sereno;Normale;Buona;Ore Diurne;0;0;0;2;12.49257;41.92242;-1;1;Autovettura di polizia;In marcia / fermata / arresto;Conducente;M;Illeso;0;;Non accertato;Inesploso
2717469;2;02/03/2016 08:00;Strada Urbana;PIAZZA UNGHERIA;all'intersezione semaforizzata con;VIALE ROMANIA;VIALE ROMANIA;;;Scontro frontale/laterale DX fra veicoli in marcia;Intersezione semaforizzata;Una carreggiata a doppio senso;Asciutto;Asfaltata;Verticale ed orizzontale;Sereno;Normale;Buona;Ore Diurne;0;0;0;2;12.49257;41.92242;-1;2;Ciclomotore;In marcia / fermata / arresto;Conducente;F;Illeso;0;;Non accertato;
2717474;4;01/03/2016 11:25;Strada Urbana;VIA DARIO NICCODEMI;all'intersezione con;VIA ROBERTO BRACCO;VIA ROBERTO BRACCO;;;Scontro laterale fra veicoli in marcia;Intersezione stradale segnalata;Una carreggiata a doppio senso;Asciutto;Asfaltata;Verticale ed orizzontale;Sereno;Normale;Buona;Ore Diurne;0;0;0;2;12.5479;41.95269;-1;1;Autovettura privata;In marcia / fermata / arresto;Conducente;F;Illeso;0;;Non accertato;
2717474;4;01/03/2016 11:25;Strada Urbana;VIA DARIO NICCODEMI;all'intersezione con;VIA ROBERTO BRACCO;VIA ROBERTO BRACCO;;;Scontro laterale fra veicoli in marcia;Intersezione stradale segnalata;Una carreggiata a doppio senso;Asciutto;Asfaltata;Verticale ed orizzontale;Sereno;Normale;Buona;Ore Diurne;0;0;0;2;12.5479;41.95269;-1;2;Autovettura privata;In marcia / fermata / arresto;Conducente;M;Illeso;0;;Non accertato;
2717481;4;01/03/2016 13:30;Strada Urbana;VIA LUIGI CAPUANA;in prossimità;;del civico n.;144;;Scontro laterale fra veicoli in marcia;Rettilineo;Due carreggiate;Asciutto;Asfaltata;Verticale ed orizzontale;Sereno;Normale;Buona;Ore Diurne;0;0;0;4;12.54746;41.94783;-1;1;Autovettura privata;In marcia / fermata / arresto;Conducente;M;Illeso;0;;Non accertato;Inesploso
2717481;4;01/03/2016 13:30;Strada Urbana;VIA LUIGI CAPUANA;in prossimità;;del civico n.;144;;Scontro laterale fra veicoli in marcia;Rettilineo;Due carreggiate;Asciutto;Asfaltata;Verticale ed orizzontale;Sereno;Normale;Buona;Ore Diurne;0;0;0;4;12.54746;41.94783;-1;2;Autocaravan;In marcia / fermata / arresto;Conducente;M;Illeso;0;;Non accertato;Inesistente
2717481;4;01/03/2016 13:30;Strada Urbana;VIA LUIGI CAPUANA;in prossimità;;del civico n.;144;;Scontro laterale fra veicoli in marcia;Rettilineo;Due carreggiate;Asciutto;Asfaltata;Verticale ed orizzontale;Sereno;Normale;Buona;Ore Diurne;0;0;0;4;12.54746;41.94783;-1;2;Autocaravan;In marcia / fermata / arresto;Passeggero;F;Illeso;0;;Non accertato;Inesploso
2717481;4;01/03/2016 13:30;Strada Urbana;VIA LUIGI CAPUANA;in prossimità;;del civico n.;144;;Scontro laterale fra veicoli in marcia;Rettilineo;Due carreggiate;Asciutto;Asfaltata;Verticale ed orizzontale;Sereno;Normale;Buona;Ore Diurne;0;0;0;4;12.54746;41.94783;-1;2;Autocaravan;In marcia / fermata / arresto;Passeggero;M;Illeso;0;;Non accertato;Inesistente
2717483;10;02/03/2016 08:35;Strada Urbana;VIA DI CASAL MORENA;in corrispondenza;;del civico n.;186;;Scontro frontale/laterale DX fra veicoli in marcia;Rettilineo;Una carreggiata a doppio senso;Asciutto;Asfaltata;Verticale ed orizzontale;Sereno;Normale;Buona;Ore Diurne;0;0;0;2;12.61906;41.81601;-1;1;Autovettura privata;In marcia / fermata / arresto;Conducente;F;Illeso;0;;Non accertato;Inesploso
2717483;10;02/03/2016 08:35;Strada Urbana;VIA DI CASAL MORENA;in corrispondenza;;del civico n.;186;;Scontro frontale/laterale DX fra veicoli in marcia;Rettilineo;Una carreggiata a doppio senso;Asciutto;Asfaltata;Verticale ed orizzontale;Sereno;Normale;Buona;Ore Diurne;0;0;0;2;12.61906;41.81601;-1;2;Autovettura privata;In marcia / fermata / arresto;Conducente;M;Illeso;0;;Non accertato;Inesploso
2717491;12;01/03/2016 12:45;Strada Urbana;VIALE DELL'OCEANO PACIFICO;in prossimità;;del civico n.;171;;Scontro frontale/laterale SX fra veicoli in marcia;Rettilineo;Una carreggiata a doppio senso;Asciutto;Asfaltata;Verticale ed orizzontale;Sereno;Normale;Buona;Ore Diurne;0;0;0;3;12.45813;41.82311;-1;1;Autovettura privata;In marcia / fermata / arresto;Conducente;F;Illeso;0;;Utilizzato;Inesploso
2717491;12;01/03/2016 12:45;Strada Urbana;VIALE DELL'OCEANO PACIFICO;in prossimità;;del civico n.;171;;Scontro frontale/laterale SX fra veicoli in marcia;Rettilineo;Una carreggiata a doppio senso;Asciutto;Asfaltata;Verticale ed orizzontale;Sereno;Normale;Buona;Ore Diurne;0;0;0;3;12.45813;41.82311;-1;2;Autovettura privata;In marcia / fermata / arresto;Conducente;M;Illeso;0;;Utilizzato;Inesploso
2717491;12;01/03/2016 12:45;Strada Urbana;VIALE DELL'OCEANO PACIFICO;in prossimità;;del civico n.;171;;Scontro frontale/laterale SX fra veicoli in marcia;Rettilineo;Una carreggiata a doppio senso;Asciutto;Asfaltata;Verticale ed orizzontale;Sereno;Normale;Buona;Ore Diurne;0;0;0;3;12.45813;41.82311;-1;2;Autovettura privata;In marcia / fermata / arresto;Passeggero;M;Illeso;0;;Utilizzato;Inesploso
2717514;7;01/03/2016 14:35;Strada Urbana;VIALE PALMIRO TOGLIATTI;in prossimità;;del civico n.;985;;Tamponamento Multiplo;Rettilineo;Una carreggiata a senso unico di marcia;Asciutto;Asfaltata;Verticale ed orizzontale;Sereno;Normale;Buona;Ore Diurne;1;0;0;5;12.5744;41.89365;-1;1;Autocarro inferiore 35 q.;In marcia / fermata / arresto;Conducente;M;Illeso;0;;Non accertato;Inesploso
2717514;7;01/03/2016 14:35;Strada Urbana;VIALE PALMIRO TOGLIATTI;in prossimità;;del civico n.;985;;Tamponamento Multiplo;Rettilineo;Una carreggiata a senso unico di marcia;Asciutto;Asfaltata;Verticale ed orizzontale;Sereno;Normale;Buona;Ore Diurne;1;0;0;5;12.5744;41.89365;-1;1;Autocarro inferiore 35 q.;In marcia / fermata / arresto;Passeggero;M;Illeso;0;;Non accertato;Inesploso
2717514;7;01/03/2016 14:35;Strada Urbana;VIALE PALMIRO TOGLIATTI;in prossimità;;del civico n.;985;;Tamponamento Multiplo;Rettilineo;Una carreggiata a senso unico di marcia;Asciutto;Asfaltata;Verticale ed orizzontale;Sereno;Normale;Buona;Ore Diurne;1;0;0;5;12.5744;41.89365;-1;2;Autovettura privata;In marcia / fermata / arresto;Conducente;M;Rimandato;0;NON DECEDUTO;Non accertato;Inesploso
2717514;7;01/03/2016 14:35;Strada Urbana;VIALE PALMIRO TOGLIATTI;in prossimità;;del civico n.;985;;Tamponamento Multiplo;Rettilineo;Una carreggiata a senso unico di marcia;Asciutto;Asfaltata;Verticale ed orizzontale;Sereno;Normale;Buona;Ore Diurne;1;0;0;5;12.5744;41.89365;-1;3;Autovettura privata;In marcia / fermata / arresto;Conducente;M;Illeso;0;;Non accertato;Inesploso