Protocollo;Gruppo;DataOraIncidente;Localizzazione1;STRADA1;Localizzazione2;STRADA2;Strada02;Chilometrica;DaSpecificare;NaturaIncidente;particolaritastrade;TipoStrada;FondoStradale;Pavimentazione;Segnaletica;CondizioneAtmosferica;Traffico;Visibilita;Illuminazione;NUM_FERITI;NUM_RISERVATA;NUM_MORTI;NUM_ILLESI;Longitudine;Latitudine;Confermato;Progressivo;TipoVeicolo;StatoVeicolo;TipoPersona;Sesso;Tipolesione;Deceduto;DecedutoDopo;CinturaCascoUtilizzato;Airbag
2719807;17;02/03/2016 17:20;Strada Urbana;VIA S. PIO X;all'intersezione con;LUNGOTEVERE VATICANO;LUNGOTEVERE VATICANO;;;Investimento di pedone;Incrocio;Una carreggiata a senso unico di marcia;Asciutto;Asfaltata;Verticale ed orizzontale;Sereno;Normale;Buona;Ore Diurne;0;0;0;2;12.46341;41.90186;-1;;;;Pedone;M;Illeso;0;;;
2719807;17;02/03/2016 17:20;Strada Urbana;VIA S. PIO X;all'intersezione con;LUNGOTEVERE VATICANO;LUNGOTEVERE VATICANO;;;Investimento di pedone;Incrocio;Una carreggiata a senso unico di marcia;Asciutto;Asfaltata;Verticale ed orizzontale;Sereno;Normale;Buona;Ore Diurne;0;0;0;2;12.46341;41.90186;-1;1;Motociclo a solo;In marcia / fermata / arresto;Conducente;M;Illeso;0;;;
2719809;1;02/03/2016 15:00;Strada Urbana;VIA MERULANA;in prossimità;;del civico n.;139;;Veicolo in marcia contro ostacolo fisso;Rettilineo;Una carreggiata a doppio senso;Asciutto;Asfaltata;Verticale ed orizzontale;Sereno;Normale;Buona;Ore Diurne;2;0;0;0;12.50458;41.88739;-1;1;Ciclomotore;In marcia / fermata / arresto;Conducente;F;Rimandato;0;NON DECEDUTO;Non accertato;
2719809;1;02/03/2016 15:00;Strada Urbana;VIA MERULANA;in prossimità;;del civico n.;139;;Veicolo in marcia contro ostacolo fisso;Rettilineo;Una carreggiata a doppio senso;Asciutto;Asfaltata;Verticale ed orizzontale;Sereno;Normale;Buona;Ore Diurne;2;0;0;0;12.50458;41.88739;-1;1;Ciclomotore;In marcia / fermata / arresto;Passeggero;M;Rimandato;0;NON DECEDUTO;Non accertato;
2719835;1;02/03/2016 11:10;Strada Urbana;VIA DEL MACAO;in corrispondenza;;del civico n.;7;;Investimento di pedone;Rettilineo;Una carreggiata a senso unico di marcia;Asciutto;Asfaltata;Verticale ed orizzontale;Sereno;Scarso;Buona;Ore Diurne;1;0;0;1;12.49981;41.90572;-1;;;;Pedone;M;Rimandato;0;NON DECEDUTO;;
2719835;1;02/03/2016 11:10;Strada Urbana;VIA DEL MACAO;in corrispondenza;;del civico n.;7;;Investimento di pedone;Rettilineo;Una carreggiata a senso unico di marcia;Asciutto;Asfaltata;Verticale ed orizzontale;Sereno;Scarso;Buona;Ore Diurne;1;0;0;1;12.49981;41.90572;-1;1;Autocarro inferiore 35 q.;In marcia / fermata / arresto;Conducente;M;Illeso;0;;Non accertato;
2719862;1;02/03/2016 17:20;Strada Urbana;VIA DEL CORSO;in prossimità;;del civico n.;302;;Tamponamento;Rettilineo;Una carreggiata a doppio senso;Asciutto;Asfaltata;Verticale ed orizzontale;Sereno;Normale;Buona;Ore Diurne;1;0;0;1;12.48182;41.89731;-1;1;Autovettura pubblica;In marcia / fermata / arresto;Conducente;M;Illeso;0;;Non accertato;
2719862;1;02/03/2016 17:20;Strada Urbana;VIA DEL CORSO;in prossimità;;del civico n.;302;;Tamponamento;Rettilineo;Una carreggiata a doppio senso;Asciutto;Asfaltata;Verticale ed orizzontale;Sereno;Normale;Buona;Ore Diurne;1;0;0;1;12.48182;41.89731;-1;2;Velocipede;In marcia / fermata / arresto;Conducente;M;Rifiuta cure immediate;0;NON DECEDUTO;Esente;
2719878;10;03/03/2016 15:30;Strada Urbana;VIALE PALMIRO TOGLIATTI;all'intersezione semaforizzata con;VIA QUINTO PUBLICIO;VIA QUINTO PUBLICIO;;;Scontro laterale fra veicoli in marcia;Incrocio;Due carreggiate;Asciutto;Asfaltata;Verticale ed orizzontale;Nuvoloso;Normale;Buona;Ore Diurne;0;0;0;2;12.57126;41.85614;-1;1;Autovettura privata;In marcia / fermata / arresto;Conducente;M;Illeso;0;;Non accertato;Inesploso
2719878;10;03/03/2016 15:30;Strada Urbana;VIALE PALMIRO TOGLIATTI;all'intersezione semaforizzata con;VIA QUINTO PUBLICIO;VIA QUINTO PUBLICIO;;;Scontro laterale fra veicoli in marcia;Incrocio;Due carreggiate;Asciutto;Asfaltata;Verticale ed orizzontale;Nuvoloso;Normale;Buona;Ore Diurne;0;0;0;2;12.57126;41.85614;-1;2;Autovettura pubblica;In marcia / fermata / arresto;Conducente;M;Illeso;0;;Non accertato;Inesploso
2719885;1;03/03/2016 11:30;Strada Urbana;CORSO VITTORIO EMANUELE II;all'intersezione con;PIAZZA DI S. PANTALEO;PIAZZA DI S. PANTALEO;;;Scontro frontale/laterale DX fra veicoli in marcia;Incrocio;Una carreggiata a doppio senso;Bagnato (umidità in atto);Asfaltata;Verticale ed orizzontale;Nuvoloso;Normale;Buona;Ore Diurne;1;0;0;1;12.47144;41.89721;-1;1;Motociclo a solo;In marcia / fermata / arresto;Conducente;M;Rimandato;0;NON DECEDUTO;Non accertato;
2719885;1;03/03/2016 11:30;Strada Urbana;CORSO VITTORIO EMANUELE II;all'intersezione con;PIAZZA DI S. PANTALEO;PIAZZA DI S. PANTALEO;;;Scontro frontale/laterale DX fra veicoli in marcia;Incrocio;Una carreggiata a doppio senso;Bagnato (umidità in atto);Asfaltata;Verticale ed orizzontale;Nuvoloso;Normale;Buona;Ore Diurne;1;0;0;1;12.47144;41.89721;-1;2;Autocarro inferiore 35 q.;In marcia / fermata / arresto;Conducente;M;Illeso;0;;Non accertato;
2719888;23;02/03/2016 16:45;Strada Urbana;VIA FURIO CICOGNA;in corrispondenza;;del palo luce n.;12;;Tamponamento;Curva a visuale libera;Una carreggiata a doppio senso;Asciutto;Asfaltata;Assente;Sereno;Normale;Buona;Ore Diurne;0;0;0;2;12.5645;41.92528;-1;1;Autovettura privata;In marcia / fermata / arresto;Conducente;F;Illeso;0;;Utilizzato;Inesploso
2719888;23;02/03/2016 16:45;Strada Urbana;VIA FURIO CICOGNA;in corrispondenza;;del palo luce n.;12;;Tamponamento;Curva a visuale libera;Una carreggiata a doppio senso;Asciutto;Asfaltata;Assente;Sereno;Normale;Buona;Ore Diurne;0;0;0;2;12.5645;41.92528;-1;2;Autovettura privata;In marcia / fermata / arresto;Conducente;F;Illeso;0;;Utilizzato;Inesploso
2719894;12;02/03/2016 10:10;Strada Urbana;VIALE DELL'OCEANO PACIFICO;all'intersezione con;VIA THAILANDIA;VIA THAILANDIA;;;Scontro laterale fra veicoli in marcia;Incrocio;Una carreggiata a doppio senso;Asciutto;Asfaltata;Verticale ed orizzontale;Sereno;Normale;Buona;Ore Diurne;0;0;0;4;12.4622;41.81878;-1;1;Autovettura privata;In marcia / fermata / arresto;Conducente;M;Illeso;0;;Utilizzato;Inesploso
2719894;12;02/03/2016 10:10;Strada Urbana;VIALE DELL'OCEANO PACIFICO;all'intersezione con;VIA THAILANDIA;VIA THAILANDIA;;;Scontro laterale fra veicoli in marcia;Incrocio;Una carreggiata a doppio senso;Asciutto;Asfaltata;Verticale ed orizzontale;Sereno;Normale;Buona;Ore Diurne;0;0;0;4;12.4622;41.81878;-1;1;Autovettura privata;In marcia / fermata / arresto;Passeggero;M;Illeso;0;;Utilizzato;Inesploso
2719894;12;02/03/2016 10:10;Strada Urbana;VIALE DELL'OCEANO PACIFICO;all'intersezione con;VIA THAILANDIA;VIA THAILANDIA;;;Scontro laterale fra veicoli in marcia;Incrocio;Una carreggiata a doppio senso;Asciutto;Asfaltata;Verticale ed orizzontale;Sereno;Normale;Buona;Ore Diurne;0;0;0;4;12.4622;41.81878;-1;2;Motociclo a solo;In marcia / fermata / arresto;Conducente;M;Illeso;0;;;
2719894;12;02/03/2016 10:10;Strada Urbana;VIALE DELL'OCEANO PACIFICO;all'intersezione con;VIA THAILANDIA;VIA THAILANDIA;;;Scontro laterale fra veicoli in marcia;Incrocio;Una carreggiata a doppio senso;Asciutto;Asfaltata;Verticale ed orizzontale;Sereno;Normale;Buona;Ore Diurne;0;0;0;4;12.4622;41.81878;-1;2;Motociclo a solo;In marcia / fermata / arresto;Passeggero;M;Illeso;0;;Utilizzato;
2719895;23;02/03/2016 21:05;Strada Urbana;CIRCONVALLAZIONE OSTIENSE;all'intersezione con;VIA DI S. GALLA;VIA DI S. GALLA;;;Investimento di pedone;Intersezione stradale segnalata;Due carreggiate;Bagnato (umidità in atto);Asfaltata;Verticale ed orizzontale;Nuvoloso;Scarso;Sufficiente;Sufficiente;1;0;0;1;12.48849;41.86737;-1;;;;Pedone;F;Rimandato;0;NON DECEDUTO;;
2719895;23;02/03/2016 21:05;Strada Urbana;CIRCONVALLAZIONE OSTIENSE;all'intersezione con;VIA DI S. GALLA;VIA DI S. GALLA;;;Investimento di pedone;Intersezione stradale segnalata;Due carreggiate;Bagnato (umidità in atto);Asfaltata;Verticale ed orizzontale;Nuvoloso;Scarso;Sufficiente;Sufficiente;1;0;0;1;12.48849;41.86737;-1;1;Autovettura privata;In marcia / fermata / arresto;Conducente;M;Illeso;0;;Non accertato;Inesploso
2719896;15;03/03/2016 09:25;Strada Urbana;VIALE CASTELLO DELLA MAGLIANA;in corrispondenza;;del civico n.;18;;Scontro frontale/laterale DX fra veicoli in marcia;Curva a visuale libera;Una carreggiata a senso unico di marcia;Bagnato (pioggia);Asfaltata;Verticale ed orizzontale;Pioggia in atto;Scarso;Buona;Ore Diurne;0;0;0;2;12.41619;41.8221;-1;1;Motociclo a solo;In marcia / fermata / arresto;Conducente;M;Illeso;0;;Utilizzato;
2719896;15;03/03/2016 09:25;Strada Urbana;VIALE CASTELLO DELLA MAGLIANA;in corrispondenza;;del civico n.;18;;Scontro frontale/laterale DX fra veicoli in marcia;Curva a visuale libera;Una carreggiata a senso unico di marcia;Bagnato (pioggia);Asfaltata;Verticale ed orizzontale;Pioggia in atto;Scarso;Buona;Ore Diurne;0;0;0;2;12.41619;41.8221;-1;2;Autovettura privata;In marcia / fermata / arresto;Conducente;M;Illeso;0;;Utilizzato;Inesploso
2719933;9;03/03/2016 17:00;Strada Urbana;Tangenziale Est direzione S. Giovanni;da specificare;;;;ALT. IMMISSIONE VIA PRENESTINA DIR. SAN GIOVANNI;Scontro laterale fra veicoli in marcia;Curva a visuale libera;Una carreggiata a senso unico di marcia;Asciutto;Asfaltata;Orizzontale;Nuvoloso;Normale;Buona;Ore Diurne;0;0;0;3;12.52057;41.89071;-1;1;Autocarro inferiore 35 q.;In marcia / fermata / arresto;Conducente;M;Illeso;0;;Utilizzato;Inesploso
2719933;9;03/03/2016 17:00;Strada Urbana;Tangenziale Est direzione S. Giovanni;da specificare;;;;ALT. IMMISSIONE VIA PRENESTINA DIR. SAN GIOVANNI;Scontro laterale fra veicoli in marcia;Curva a visuale libera;Una carreggiata a senso unico di marcia;Asciutto;Asfaltata;Orizzontale;Nuvoloso;Normale;Buona;Ore Diurne;0;0;0;3;12.52057;41.89071;-1;1;Autocarro inferiore 35 q.;In marcia / fermata / arresto;Passeggero;M;Illeso;0;;Utilizzato;Inesploso
2719933;9;03/03/2016 17:00;Strada Urbana;Tangenziale Est direzione S. Giovanni;da specificare;;;;ALT. IMMISSIONE VIA PRENESTINA DIR. SAN GIOVANNI;Scontro laterale fra veicoli in marcia;Curva a visuale libera;Una carreggiata a senso unico di marcia;Asciutto;Asfaltata;Orizzontale;Nuvoloso;Normale;Buona;Ore Diurne;0;0;0;3;12.52057;41.89071;-1;2;Autovettura privata;In marcia / fermata / arresto;Conducente;F;Illeso;0;;Utilizzato;Inesploso
2719943;20;03/03/2016 14:55;Strada Urbana;VIA DELLA VILLA DI LIVIA;in prossimità;;del palo luce n.;7;;Scontro frontale/laterale SX fra veicoli in marcia;Curva a visuale libera;Una carreggiata a doppio senso;Bagnato (pioggia);Asfaltata;Assente;Pioggia in atto;Normale;Buona;Ore Diurne;1;0;0;1;12.4914;42.00844;-1;1;Autovettura privata;In marcia / fermata / arresto;Conducente;M;Illeso;0;;Non accertato;Inesploso
2719943;20;03/03/2016 14:55;Strada Urbana;VIA DELLA VILLA DI LIVIA;in prossimità;;del palo luce n.;7;;Scontro frontale/laterale SX fra veicoli in marcia;Curva a visuale libera;Una carreggiata a doppio senso;Bagnato (pioggia);Asfaltata;Assente;Pioggia in atto;Normale;Buona;Ore Diurne;1;0;0;1;12.4914;42.00844;-1;2;Motociclo a solo;In marcia / fermata / arresto;Conducente;M;Rimandato;0;NON DECEDUTO;Non accertato;
2719956;17;03/03/2016 00:05;Strada Urbana;VIALE DELLO STADIO OLIMPICO;da specificare;;;;vivai mari civico 16;Veicolo in marcia contro ostacolo accidentale;Curva a visuale libera;Una carreggiata a doppio senso;Bagnato (pioggia);Asfaltata;Verticale ed orizzontale;Nuvoloso;Normale;Buona;Ore Diurne;1;0;0;0;12.45417;41.9299;-1;1;Autovettura privata;In marcia / fermata / arresto;Conducente;M;Rimandato;0;NON DECEDUTO;;
2719969;19;01/03/2016 15:45;Strada Urbana;VIA DELLA PINETA SACCHETTI;in prossimità;;del civico n.;215a;;Tamponamento;Rettilineo;Una carreggiata a senso unico di marcia;Asciutto;Asfaltata;Verticale ed orizzontale;Sereno;Intenso;Buona;Ore Diurne;1;0;0;0;12.42711;41.92908;-1;1;Motociclo a solo;In marcia / fermata / arresto;Conducente;M;Rimandato;0;NON DECEDUTO;;
2719985;2;03/03/2016 14:25;Strada Urbana;VIA NOMENTANA;all'intersezione semaforizzata con;VIA ASMARA;VIA ASMARA;;;Scontro frontale/laterale DX fra veicoli in marcia;Intersezione semaforizzata;Una carreggiata a doppio senso;Asciutto;Asfaltata;Verticale ed orizzontale;Nuvoloso;Normale;Buona;Ore Diurne;0;0;0;3;12.52191;41.92531;-1;1;Autovettura privata;In marcia / fermata / arresto;Conducente;M;Illeso;0;;Non accertato;Inesploso
2719985;2;03/03/2016 14:25;Strada Urbana;VIA NOMENTANA;all'intersezione semaforizzata con;VIA ASMARA;VIA ASMARA;;;Scontro frontale/laterale DX fra veicoli in marcia;Intersezione semaforizzata;Una carreggiata a doppio senso;Asciutto;Asfaltata;Verticale ed orizzontale;Nuvoloso;Normale;Buona;Ore Diurne;0;0;0;3;12.52191;41.92531;-1;1;Autovettura privata;In marcia / fermata / arresto;Passeggero;F;Illeso;0;;Non accertato;Inesploso
2719985;2;03/03/2016 14:25;Strada Urbana;VIA NOMENTANA;all'intersezione semaforizzata con;VIA ASMARA;VIA ASMARA;;;Scontro frontale/laterale DX fra veicoli in marcia;Intersezione semaforizzata;Una carreggiata a doppio senso;Asciutto;Asfaltata;Verticale ed orizzontale;Nuvoloso;Normale;Buona;Ore Diurne;0;0;0;3;12.52191;41.92531;-1;2;Autovettura di polizia;In marcia / fermata / arresto;Conducente;M;Illeso;0;;Non accertato;Inesploso
2720028;13;03/03/2016 10:15;Strada Urbana;VIA DELLE BALENIERE;all'intersezione con;VIADOTTO ATTICO TABACCHI;VIADOTTO ATTICO TABACCHI;;;Tamponamento;Intersezione semaforizzata;Una carreggiata a doppio senso;Asciutto;Asfaltata;Verticale ed orizzontale;Sereno;Normale;Buona;Ore Diurne;0;0;0;3;12.27948;41.73814;-1;1;Autovettura di polizia;In marcia / fermata / arresto;Conducente;M;Illeso;0;;Non accertato;Inesploso
2720028;13;03/03/2016 10:15;Strada Urbana;VIA DELLE BALENIERE;all'intersezione con;VIADOTTO ATTICO TABACCHI;VIADOTTO ATTICO TABACCHI;;;Tamponamento;Intersezione semaforizzata;Una carreggiata a doppio senso;Asciutto;Asfaltata;Verticale ed orizzontale;Sereno;Normale;Buona;Ore Diurne;0;0;0;3;12.27948;41.73814;-1;1;Autovettura di polizia;In marcia / fermata / arresto;Passeggero;M;Illeso;0;;;
2720028;13;03/03/2016 10:15;Strada Urbana;VIA DELLE BALENIERE;all'intersezione con;VIADOTTO ATTICO TABACCHI;VIADOTTO ATTICO TABACCHI;;;Tamponamento;Intersezione semaforizzata;Una carreggiata a doppio senso;Asciutto;Asfaltata;Verticale ed orizzontale;Sereno;Normale;Buona;Ore Diurne;0;0;0;3;12.27948;41.73814;-1;2;Autovettura privata;In marcia / fermata / arresto;Conducente;F;Illeso;0;;Non accertato;Inesploso
2720037;13;03/03/2016 14:50;Strada Urbana;VIA ALBI;all'intersezione con;VIA DELLA TENUTA GIANO;VIA DELLA TENUTA GIANO;;;Veicolo in marcia contro ostacolo accidentale;Incrocio;Una carreggiata a doppio senso;Asciutto;Asfaltata;Temporanea di cantiere;Vento forte;Normale;Buona;Ore Diurne;0;0;0;2;12.38058;41.79146;-1;1;Autocarro inferiore 35 q.;In marcia / fermata / arresto;Conducente;M;Illeso;0;;Non accertato;Inesploso
2720037;13;03/03/2016 14:50;Strada Urbana;VIA ALBI;all'intersezione con;VIA DELLA TENUTA GIANO;VIA DELLA TENUTA GIANO;;;Veicolo in marcia contro ostacolo accidentale;Incrocio;Una carreggiata a doppio senso;Asciutto;Asfaltata;Temporanea di cantiere;Vento forte;Normale;Buona;Ore Diurne;0;0;0;2;12.38058;41.79146;-1;1;Autocarro inferiore 35 q.;In marcia / fermata / arresto;Passeggero;M;Illeso;0;;Non accertato;Inesploso
2720038;10;03/03/2016 19:00;Strada Urbana;VIALE ANTONIO CIAMARRA;in corrispondenza;;del civico n.;149;;Veicolo in marcia contro ostacolo accidentale;Rettilineo;Due carreggiate;Bagnato (pioggia);Asfaltata;Verticale ed orizzontale;Nuvoloso;Normale;Sufficiente;Sufficiente;0;0;0;1;12.59057;41.85107;-1;1;Autovettura privata;In marcia / fermata / arresto;Conducente;M;Illeso;0;;Non accertato;Inesploso
2720053;16;02/03/2016 16:00;Strada Urbana;VIALE DEI COLLI PORTUENSI;in prossimità;;del civico n.;246;;Investimento di pedone;Rettilineo;Due carreggiate;Asciutto;Asfaltata;Verticale ed orizzontale;Sereno;Intenso;Buona;Ore Diurne;1;0;0;1;12.44363;41.86799;-1;;;;Pedone;M;Rimandato;0;NON DECEDUTO;;
2720053;16;02/03/2016 16:00;Strada Urbana;VIALE DEI COLLI PORTUENSI;in prossimità;;del civico n.;246;;Investimento di pedone;Rettilineo;Due carreggiate;Asciutto;Asfaltata;Verticale ed orizzontale;Sereno;Intenso;Buona;Ore Diurne;1;0;0;1;12.44363;41.86799;-1;1;Autocarro inferiore 35 q.;In marcia / fermata / arresto;Conducente;M;Illeso;0;;Non accertato;
2720068;16;02/03/2016 22:30;Strada Urbana;LUNGOTEVERE DANTE;in prossimità;;del civico n.;3;;Scontro frontale/laterale SX fra veicoli in marcia;Rettilineo;Una carreggiata a doppio senso;Bagnato (umidità in atto);Asfaltata;Orizzontale;Nuvoloso;Scarso;Sufficiente;Sufficiente;1;0;0;3;12.46409;41.85316;-1;1;Ciclomotore;In marcia / fermata / arresto;Conducente;F;Rimandato;0;NON DECEDUTO;;
2720068;16;02/03/2016 22:30;Strada Urbana;LUNGOTEVERE DANTE;in prossimità;;del civico n.;3;;Scontro frontale/laterale SX fra veicoli in marcia;Rettilineo;Una carreggiata a doppio senso;Bagnato (umidità in atto);Asfaltata;Orizzontale;Nuvoloso;Scarso;Sufficiente;Sufficiente;1;0;0;3;12.46409;41.85316;-1;2;Autovettura privata;In marcia / fermata / arresto;Conducente;M;Illeso;0;;;
2720068;16;02/03/2016 22:30;Strada Urbana;LUNGOTEVERE DANTE;in prossimità;;del civico n.;3;;Scontro frontale/laterale SX fra veicoli in marcia;Rettilineo;Una carreggiata a doppio senso;Bagnato (umidità in atto);Asfaltata;Orizzontale;Nuvoloso;Scarso;Sufficiente;Sufficiente;1;0;0;3;12.46409;41.85316;-1;2;Autovettura privata;In marcia / fermata / arresto;Passeggero;M;Illeso;0;;;
2720068;16;02/03/2016 22:30;Strada Urbana;LUNGOTEVERE DANTE;in prossimità;;del civico n.;3;;Scontro frontale/laterale SX fra veicoli in marcia;Rettilineo;Una carreggiata a doppio senso;Bagnato (umidità in atto);Asfaltata;Orizzontale;Nuvoloso;Scarso;Sufficiente;Sufficiente;1;0;0;3;12.46409;41.85316;-1;2;Autovettura privata;In marcia / fermata / arresto;Passeggero;M;Illeso;0;;;
2720092;20;03/03/2016 19:30;Strada Urbana;VIA CASSIA;in prossimità;;del civico n.;652;;Investimento di pedone;Rettilineo;Una carreggiata a doppio senso;Bagnato (umidità in atto);Asfaltata;Orizzontale;Nuvoloso;Intenso;Sufficiente;Sufficiente;2;0;0;1;12.44669;41.96335;-1;;;;Pedone;M;Ricoverato;0;NON DECEDUTO;;
2720092;20;03/03/2016 19:30;Strada Urbana;VIA CASSIA;in prossimità;;del civico n.;652;;Investimento di pedone;Rettilineo;Una carreggiata a doppio senso;Bagnato (umidità in atto);Asfaltata;Orizzontale;Nuvoloso;Intenso;Sufficiente;Sufficiente;2;0;0;1;12.44669;41.96335;-1;;;;Pedone;M;Rimandato;0;NON DECEDUTO;;
2720092;20;03/03/2016 19:30;Strada Urbana;VIA CASSIA;in prossimità;;del civico n.;652;;Investimento di pedone;Rettilineo;Una carreggiata a doppio senso;Bagnato (umidità in atto);Asfaltata;Orizzontale;Nuvoloso;Intenso;Sufficiente;Sufficiente;2;0;0;1;12.44669;41.96335;-1;1;Autovettura privata;In marcia / fermata / arresto;Conducente;F;Illeso;0;;Non accertato;Inesploso
2720300;11;03/03/2016 20:30;Strada Urbana;PIAZZA VITTORIO BOTTEGO;all'intersezione con;VIALE DEL CAMPO BOARIO;VIALE DEL CAMPO BOARIO;;;Scontro laterale fra veicoli in marcia;Rotatoria;Una carreggiata a senso unico di marcia;Asciutto;Asfaltata;Verticale ed orizzontale;Nuvoloso;Normale;Sufficiente;Sufficiente;1;0;0;2;12.4779;41.87437;-1;1;Autovettura privata;In marcia / fermata / arresto;Conducente;F;Illeso;0;;Non accertato;Inesploso
2720300;11;03/03/2016 20:30;Strada Urbana;PIAZZA VITTORIO BOTTEGO;all'intersezione con;VIALE DEL CAMPO BOARIO;VIALE DEL CAMPO BOARIO;;;Scontro laterale fra veicoli in marcia;Rotatoria;Una carreggiata a senso unico di marcia;Asciutto;Asfaltata;Verticale ed orizzontale;Nuvoloso;Normale;Sufficiente;Sufficiente;1;0;0;2;12.4779;41.87437;-1;1;Autovettura privata;In marcia / fermata / arresto;Passeggero;F;Illeso;0;;Non accertato;Inesploso
2720300;11;03/03/2016 20:30;Strada Urbana;PIAZZA VITTORIO BOTTEGO;all'intersezione con;VIALE DEL CAMPO BOARIO;VIALE DEL CAMPO BOARIO;;;Scontro laterale fra veicoli in marcia;Rotatoria;Una carreggiata a senso unico di marcia;Asciutto;Asfaltata;Verticale ed orizzontale;Nuvoloso;Normale;Sufficiente;Sufficiente;1;0;0;2;12.4779;41.87437;-1;2;Motociclo a solo;In marcia / fermata / arresto;Conducente;M;Rimandato;0;NON DECEDUTO;Non accertato;
2720302;11;03/03/2016 09:00;Strada Urbana;VIALE GUGLIELMO MARCONI;da specificare;;;;"alt.fermata bus ""Marconi Edison""";Scontro laterale fra veicoli in marcia;Rettilineo;Due carreggiate;Bagnato (umidità in atto);Asfaltata;Verticale ed orizzontale;Nuvoloso;Normale;Buona;Ore Diurne;0;0;0;2;12.47095;41.85856;-1;1;Autovettura privata;In marcia / fermata / arresto;Conducente;M;Illeso;0;;Non accertato;
2720302;11;03/03/2016 09:00;Strada Urbana;VIALE GUGLIELMO MARCONI;da specificare;;;;"alt.fermata bus ""Marconi Edison""";Scontro laterale fra veicoli in marcia;Rettilineo;Due carreggiate;Bagnato (umidità in atto);Asfaltata;Verticale ed orizzontale;Nuvoloso;Normale;Buona;Ore Diurne;0;0;0;2;12.47095;41.85856;-1;2;Motociclo a solo;In marcia / fermata / arresto;Conducente;M;Illeso;0;;Non accertato;
2720303;9;03/03/2016 09:45;Strada Urbana;VIA SIRIA;in corrispondenza;;del civico n.;2/b;;Scontro laterale fra veicoli in marcia;Rettilineo;Una carreggiata a doppio senso;Bagnato (pioggia);Asfaltata;Verticale ed orizzontale;Pioggia in atto;Normale;Buona;Ore Diurne;0;0;0;2;12.51046;41.87557;-1;1;Autovettura privata;In marcia / fermata / arresto;Conducente;F;Illeso;0;;;
2720303;9;03/03/2016 09:45;Strada Urbana;VIA SIRIA;in corrispondenza;;del civico n.;2/b;;Scontro laterale fra veicoli in marcia;Rettilineo;Una carreggiata a doppio senso;Bagnato (pioggia);Asfaltata;Verticale ed orizzontale;Pioggia in atto;Normale;Buona;Ore Diurne;0;0;0;2;12.51046;41.87557;-1;2;Motociclo a solo;In marcia / fermata / arresto;Conducente;M;Illeso;0;;;
2720304;8;03/03/2016 13:25;Strada Urbana;VIA LUCIO FONTANA;da specificare;;;;altezza magazzini Metro;Tamponamento;Rettilineo;Una carreggiata a senso unico di marcia;Bagnato (pioggia);Asfaltata;Verticale ed orizzontale;Nuvoloso;Intenso;Buona;Ore Diurne;0;0;0;3;12.61813;41.91038;-1;1;Autovettura privata;In marcia / fermata / arresto;Conducente;F;Illeso;0;;;
2720304;8;03/03/2016 13:25;Strada Urbana;VIA LUCIO FONTANA;da specificare;;;;altezza magazzini Metro;Tamponamento;Rettilineo;Una carreggiata a senso unico di marcia;Bagnato (pioggia);Asfaltata;Verticale ed orizzontale;Nuvoloso;Intenso;Buona;Ore Diurne;0;0;0;3;12.61813;41.91038;-1;1;Autovettura privata;In marcia / fermata / arresto;Passeggero;F;Illeso;0;;;
2720304;8;03/03/2016 13:25;Strada Urbana;VIA LUCIO FONTANA;da specificare;;;;altezza magazzini Metro;Tamponamento;Rettilineo;Una carreggiata a senso unico di marcia;Bagnato (pioggia);Asfaltata;Verticale ed orizzontale;Nuvoloso;Intenso;Buona;Ore Diurne;0;0;0;3;12.61813;41.91038;-1;2;Autovettura privata;In marcia / fermata / arresto;Conducente;M;Illeso;0;;;
2720305;9;03/03/2016 11:15;Strada Urbana;VIA DELL'ARCO DI TRAVERTINO;da specificare;;;;in prossimità di Via Genzano;Tamponamento;Rettilineo;Due carreggiate;Bagnato (pioggia);Asfaltata;Verticale ed orizzontale;Pioggia in atto;Normale;Buona;Ore Diurne;1;0;0;2;12.53684;41.86828;-1;;;;Pedone;M;Illeso;0;;;
2720305;9;03/03/2016 11:15;Strada Urbana;VIA DELL'ARCO DI TRAVERTINO;da specificare;;;;in prossimità di Via Genzano;Tamponamento;Rettilineo;Due carreggiate;Bagnato (pioggia);Asfaltata;Verticale ed orizzontale;Pioggia in atto;Normale;Buona;Ore Diurne;1;0;0;2;12.53684;41.86828;-1;1;Autovettura privata;In marcia / fermata / arresto;Conducente;F;Illeso;0;;Non accertato;Inesploso
2720305;9;03/03/2016 11:15;Strada Urbana;VIA DELL'ARCO DI TRAVERTINO;da specificare;;;;in prossimità di Via Genzano;Tamponamento;Rettilineo;Due carreggiate;Bagnato (pioggia);Asfaltata;Verticale ed orizzontale;Pioggia in atto;Normale;Buona;Ore Diurne;1;0;0;2;12.53684;41.86828;-1;2;Autovettura privata;In marcia / fermata / arresto;Conducente;M;Rifiuta cure immediate;0;NON DECEDUTO;Non accertato;Inesploso
2720306;17;03/03/2016 15:00;Strada Urbana;VIA CICERONE;all'intersezione con;VIA GIUSEPPE GIOACHINO BELLI;VIA GIUSEPPE GIOACHINO BELLI;;;Scontro frontale/laterale SX fra veicoli in marcia;Incrocio;Due carreggiate;Asciutto;Asfaltata;Verticale ed orizzontale;Nuvoloso;Normale;Buona;Ore Diurne;0;0;0;2;12.46897;41.90661;-1;1;Autovettura privata;In marcia / fermata / arresto;Conducente;M;Illeso;0;;Non accertato;Inesploso
2720306;17;03/03/2016 15:00;Strada Urbana;VIA CICERONE;all'intersezione con;VIA GIUSEPPE GIOACHINO BELLI;VIA GIUSEPPE GIOACHINO BELLI;;;Scontro frontale/laterale SX fra veicoli in marcia;Incrocio;Due carreggiate;Asciutto;Asfaltata;Verticale ed orizzontale;Nuvoloso;Normale;Buona;Ore Diurne;0;0;0;2;12.46897;41.90661;-1;2;Motociclo a solo;In marcia / fermata / arresto;Conducente;M;Illeso;0;;Non accertato;