Protocollo;Gruppo;DataOraIncidente;Localizzazione1;STRADA1;Localizzazione2;STRADA2;Strada02;Chilometrica;DaSpecificare;NaturaIncidente;particolaritastrade;TipoStrada;FondoStradale;Pavimentazione;Segnaletica;CondizioneAtmosferica;Traffico;Visibilita;Illuminazione;NUM_FERITI;NUM_RISERVATA;NUM_MORTI;NUM_ILLESI;Longitudine;Latitudine;Confermato;Progressivo;TipoVeicolo;StatoVeicolo;TipoPersona;Sesso;Tipolesione;Deceduto;DecedutoDopo;CinturaCascoUtilizzato;Airbag
2721905;17;04/03/2016 09:30;Strada Urbana;VIA TERENZIO;all'intersezione con;VIA COLA DI RIENZO;VIA COLA DI RIENZO;;;Tamponamento;Incrocio;Una carreggiata a senso unico di marcia;Asciutto;Asfaltata;Verticale ed orizzontale;Sereno;Normale;Buona;Ore Diurne;0;0;0;4;12.4628;41.90738;-1;2;Autocarro inferiore 35 q.;In marcia / fermata / arresto;Conducente;M;Illeso;0;;;
2721927;6;05/03/2016 06:00;Strada Urbana;VIA TOR DE' SCHIAVI;all'intersezione con;VIA VINCENZO CESATI;VIA VINCENZO CESATI;;;Scontro frontale/laterale DX fra veicoli in marcia;Incrocio;Due carreggiate;Asciutto;Asfaltata;Assente;Sereno;Scarso;Buona;Sufficiente;0;0;0;2;12.55984;41.89279;-1;1;Autovettura privata;In marcia / fermata / arresto;Conducente;M;Illeso;0;;Non accertato;Esploso
2721927;6;05/03/2016 06:00;Strada Urbana;VIA TOR DE' SCHIAVI;all'intersezione con;VIA VINCENZO CESATI;VIA VINCENZO CESATI;;;Scontro frontale/laterale DX fra veicoli in marcia;Incrocio;Due carreggiate;Asciutto;Asfaltata;Assente;Sereno;Scarso;Buona;Sufficiente;0;0;0;2;12.55984;41.89279;-1;2;Autobus di linea;In marcia / fermata / arresto;Conducente;M;Illeso;0;;Esente;Inesploso
2721933;17;04/03/2016 14:30;Strada Urbana;VIALE GIULIO CESARE;all'intersezione con;VIA SILLA;VIA SILLA;;;Investimento di pedone;Incrocio;Più di due carreggiate;Asciutto;Asfaltata;Verticale ed orizzontale;Sereno;Normale;Buona;Ore Diurne;0;0;0;2;12.45913;41.9096;-1;;;;Pedone;M;Illeso;0;;;
2721933;17;04/03/2016 14:30;Strada Urbana;VIALE GIULIO CESARE;all'intersezione con;VIA SILLA;VIA SILLA;;;Investimento di pedone;Incrocio;Più di due carreggiate;Asciutto;Asfaltata;Verticale ed orizzontale;Sereno;Normale;Buona;Ore Diurne;0;0;0;2;12.45913;41.9096;-1;1;Motociclo a solo;In marcia / fermata / arresto;Conducente;M;Illeso;0;;Non accertato;
2721975;17;04/03/2016 15:10;Strada Urbana;VIA ANGELO EMO;all'intersezione con;VIA DELLA MELORIA;VIA DELLA MELORIA;;;Scontro frontale fra veicoli in marcia;Intersezione stradale segnalata;Due carreggiate;Asciutto;Asfaltata;Verticale ed orizzontale;Sereno;Normale;Buona;Ore Diurne;1;0;0;1;12.44818;41.90593;-1;1;Autovettura privata;In marcia / fermata / arresto;Conducente;F;Illeso;0;;;
2721975;17;04/03/2016 15:10;Strada Urbana;VIA ANGELO EMO;all'intersezione con;VIA DELLA MELORIA;VIA DELLA MELORIA;;;Scontro frontale fra veicoli in marcia;Intersezione stradale segnalata;Due carreggiate;Asciutto;Asfaltata;Verticale ed orizzontale;Sereno;Normale;Buona;Ore Diurne;1;0;0;1;12.44818;41.90593;-1;2;Motociclo a solo;In marcia / fermata / arresto;Conducente;M;Rimandato;0;NON DECEDUTO;;
2722006;6;05/03/2016 09:45;Strada Urbana;VIA ALBERTO DA GIUSSANO;in prossimità;;del civico n.;62;;Scontro laterale fra veicoli in marcia;Rettilineo;Una carreggiata a doppio senso;Asciutto;Asfaltata;Assente;Nuvoloso;Normale;Buona;Ore Diurne;0;0;0;3;12.5345;41.8894;-1;1;Autovettura privata;In marcia / fermata / arresto;Conducente;M;Illeso;0;;Non accertato;Esploso
2722006;6;05/03/2016 09:45;Strada Urbana;VIA ALBERTO DA GIUSSANO;in prossimità;;del civico n.;62;;Scontro laterale fra veicoli in marcia;Rettilineo;Una carreggiata a doppio senso;Asciutto;Asfaltata;Assente;Nuvoloso;Normale;Buona;Ore Diurne;0;0;0;3;12.5345;41.8894;-1;1;Autovettura privata;In marcia / fermata / arresto;Passeggero;F;Illeso;0;;Non accertato;Inesploso
2722006;6;05/03/2016 09:45;Strada Urbana;VIA ALBERTO DA GIUSSANO;in prossimità;;del civico n.;62;;Scontro laterale fra veicoli in marcia;Rettilineo;Una carreggiata a doppio senso;Asciutto;Asfaltata;Assente;Nuvoloso;Normale;Buona;Ore Diurne;0;0;0;3;12.5345;41.8894;-1;2;Autovettura privata;In marcia / fermata / arresto;Conducente;M;Illeso;0;;Non accertato;Inesploso
2722019;17;04/03/2016 14:30;Strada Urbana;VIALE DELLE MEDAGLIE D'ORO;in prossimità;;del civico n.;274;;Veicolo in marcia contro veicolo arresto;Rettilineo;Una carreggiata a doppio senso;Asciutto;Asfaltata;Verticale ed orizzontale;Sereno;Normale;Buona;Ore Diurne;0;0;0;4;12.44752;41.91002;-1;1;Autovettura privata;In marcia / fermata / arresto;Conducente;M;Illeso;0;;;
2722019;17;04/03/2016 14:30;Strada Urbana;VIALE DELLE MEDAGLIE D'ORO;in prossimità;;del civico n.;274;;Veicolo in marcia contro veicolo arresto;Rettilineo;Una carreggiata a doppio senso;Asciutto;Asfaltata;Verticale ed orizzontale;Sereno;Normale;Buona;Ore Diurne;0;0;0;4;12.44752;41.91002;-1;2;Autovettura privata;In marcia / fermata / arresto;Conducente;M;Illeso;0;;;
2722019;17;04/03/2016 14:30;Strada Urbana;VIALE DELLE MEDAGLIE D'ORO;in prossimità;;del civico n.;274;;Veicolo in marcia contro veicolo arresto;Rettilineo;Una carreggiata a doppio senso;Asciutto;Asfaltata;Verticale ed orizzontale;Sereno;Normale;Buona;Ore Diurne;0;0;0;4;12.44752;41.91002;-1;3;Autovettura privata;In marcia / fermata / arresto;Conducente;F;Illeso;0;;;
2722019;17;04/03/2016 14:30;Strada Urbana;VIALE DELLE MEDAGLIE D'ORO;in prossimità;;del civico n.;274;;Veicolo in marcia contro veicolo arresto;Rettilineo;Una carreggiata a doppio senso;Asciutto;Asfaltata;Verticale ed orizzontale;Sereno;Normale;Buona;Ore Diurne;0;0;0;4;12.44752;41.91002;-1;4;Autovettura privata;In marcia / fermata / arresto;Conducente;F;Illeso;0;;;
2722033;10;04/03/2016 16:00;Strada Urbana;VIA GASPERINA;all'intersezione con;VIA CAROLEI;VIA CAROLEI;;;Veicolo in marcia contro veicolo in sosta;Intersezione non regolata/non segnalata;Una carreggiata a doppio senso;Asciutto;Asfaltata;Verticale ed orizzontale;Sereno;Normale;Buona;Ore Diurne;0;0;0;1;12.60173;41.83506;-1;1;Autovettura privata;In marcia / fermata / arresto;Conducente;F;Illeso;0;;Non accertato;Inesploso
2722041;10;05/03/2016 08:10;Strada Urbana;VIA TUSCOLANA;in prossimità;;del civico n.;1872;;Scontro laterale fra veicoli in marcia;Rettilineo;Una carreggiata a senso unico di marcia;Asciutto;Asfaltata;Verticale ed orizzontale;Nuvoloso;Normale;Buona;Ore Diurne;1;0;0;1;12.58727;41.84043;-1;1;Autovettura privata;In marcia / fermata / arresto;Conducente;M;Illeso;0;;Non accertato;Inesploso
2722041;10;05/03/2016 08:10;Strada Urbana;VIA TUSCOLANA;in prossimità;;del civico n.;1872;;Scontro laterale fra veicoli in marcia;Rettilineo;Una carreggiata a senso unico di marcia;Asciutto;Asfaltata;Verticale ed orizzontale;Nuvoloso;Normale;Buona;Ore Diurne;1;0;0;1;12.58727;41.84043;-1;2;Autovettura privata;In marcia / fermata / arresto;Conducente;F;Rimandato;0;NON DECEDUTO;Non accertato;Inesploso
2722045;2;04/03/2016 07:55;Strada Urbana;VIA APPENNINI;all'intersezione con;VIALE GORIZIA;VIALE GORIZIA;;;Veicolo in marcia contro veicolo in sosta;Incrocio;Una carreggiata a senso unico di marcia;Asciutto;Asfaltata;Verticale ed orizzontale;Sereno;Scarso;Buona;Ore Diurne;0;0;0;1;12.51108;41.91996;-1;1;Autovettura privata;In marcia / fermata / arresto;Conducente;F;Illeso;0;;;
2722049;2;04/03/2016 08:50;Strada Urbana;PIAZZA DEI CARRACCI;all'intersezione con;VIA FLAMINIA;VIA FLAMINIA;;;Veicolo in marcia contro ostacolo fisso;Intersezione semaforizzata;Una carreggiata a doppio senso;Asciutto;Asfaltata;Verticale ed orizzontale;Sereno;Normale;Buona;Ore Diurne;1;0;0;0;12.46805;41.93035;-1;1;Motociclo a solo;In marcia / fermata / arresto;Conducente;F;Rimandato;0;NON DECEDUTO;;
2722051;2;04/03/2016 09:55;Strada Urbana;VIA DEI CAMPI SPORTIVI;in corrispondenza;;del civico n.;1;;Veicolo in marcia contro ostacolo fisso;Rettilineo;Due carreggiate;Asciutto;Asfaltata;Verticale ed orizzontale;Sereno;Normale;Buona;Ore Diurne;0;0;0;1;12.48696;41.93229;-1;1;Autovettura privata;In marcia / fermata / arresto;Conducente;F;Illeso;0;;;
2722054;17;04/03/2016 19:10;Strada Urbana;VIA OSLAVIA;in prossimità;;del civico n.;40;;Scontro laterale fra veicoli in marcia;Rettilineo;Due carreggiate;Asciutto;Asfaltata;Verticale ed orizzontale;Sereno;Scarso;Buona;Sufficiente;0;0;0;2;12.46188;41.91849;-1;2;Autovettura privata;In marcia / fermata / arresto;Conducente;F;Illeso;0;;;
2722054;17;04/03/2016 19:10;Strada Urbana;VIA OSLAVIA;in prossimità;;del civico n.;40;;Scontro laterale fra veicoli in marcia;Rettilineo;Due carreggiate;Asciutto;Asfaltata;Verticale ed orizzontale;Sereno;Scarso;Buona;Sufficiente;0;0;0;2;12.46188;41.91849;-1;3;Motociclo a solo;In marcia / fermata / arresto;Conducente;M;Illeso;0;;;
2722081;23;04/03/2016 11:45;Strada Urbana;VIA CRISTOFORO COLOMBO;in prossimità;;della chilometrica;25.3;;Tamponamento;Rettilineo;Più di due carreggiate;Asciutto;Asfaltata;Verticale ed orizzontale;Sereno;Normale;Buona;Ore Diurne;0;0;0;3;12.44704;41.80373;-1;1;Autovettura privata;In marcia / fermata / arresto;Conducente;M;Illeso;0;;Non accertato;Inesploso
2722081;23;04/03/2016 11:45;Strada Urbana;VIA CRISTOFORO COLOMBO;in prossimità;;della chilometrica;25.3;;Tamponamento;Rettilineo;Più di due carreggiate;Asciutto;Asfaltata;Verticale ed orizzontale;Sereno;Normale;Buona;Ore Diurne;0;0;0;3;12.44704;41.80373;-1;1;Autovettura privata;In marcia / fermata / arresto;Passeggero;F;Illeso;0;;Non accertato;Inesploso
2722081;23;04/03/2016 11:45;Strada Urbana;VIA CRISTOFORO COLOMBO;in prossimità;;della chilometrica;25.3;;Tamponamento;Rettilineo;Più di due carreggiate;Asciutto;Asfaltata;Verticale ed orizzontale;Sereno;Normale;Buona;Ore Diurne;0;0;0;3;12.44704;41.80373;-1;2;Autovettura privata;In marcia / fermata / arresto;Conducente;F;Illeso;0;;Non accertato;Inesploso
2722085;17;05/03/2016 03:30;Strada Urbana;LUNGOTEVERE ARNALDO DA BRESCIA;da specificare;;;;prossimità Ponte Nenni;Scontro laterale fra veicoli in marcia;Rettilineo;Una carreggiata a senso unico di marcia;Asciutto;Asfaltata;Assente;Sereno;Scarso;Buona;Insufficiente;0;0;0;3;12.47261;41.9123;-1;1;Autocarro inferiore 35 q.;In marcia / fermata / arresto;Conducente;M;Illeso;0;;;
2722085;17;05/03/2016 03:30;Strada Urbana;LUNGOTEVERE ARNALDO DA BRESCIA;da specificare;;;;prossimità Ponte Nenni;Scontro laterale fra veicoli in marcia;Rettilineo;Una carreggiata a senso unico di marcia;Asciutto;Asfaltata;Assente;Sereno;Scarso;Buona;Insufficiente;0;0;0;3;12.47261;41.9123;-1;2;Autovettura privata;In marcia / fermata / arresto;Conducente;M;Illeso;0;;;
2722085;17;05/03/2016 03:30;Strada Urbana;LUNGOTEVERE ARNALDO DA BRESCIA;da specificare;;;;prossimità Ponte Nenni;Scontro laterale fra veicoli in marcia;Rettilineo;Una carreggiata a senso unico di marcia;Asciutto;Asfaltata;Assente;Sereno;Scarso;Buona;Insufficiente;0;0;0;3;12.47261;41.9123;-1;2;Autovettura privata;In marcia / fermata / arresto;Passeggero;M;Illeso;0;;;
2722087;23;04/03/2016 08:35;Strada Urbana;VIA STATILIA;all'intersezione con;VIA DI S. CROCE IN GERUSALEMME;VIA DI S. CROCE IN GERUSALEMME;;;Veicolo in marcia contro veicolo arresto;Intersezione semaforizzata;Una carreggiata a senso unico di marcia;Asciutto;In cubetti di porfido;Verticale ed orizzontale;Sereno;Normale;Buona;Ore Diurne;1;0;0;1;12.51168;41.89043;-1;1;Autovettura privata;In marcia / fermata / arresto;Conducente;F;Illeso;0;;Utilizzato;Inesploso
2722087;23;04/03/2016 08:35;Strada Urbana;VIA STATILIA;all'intersezione con;VIA DI S. CROCE IN GERUSALEMME;VIA DI S. CROCE IN GERUSALEMME;;;Veicolo in marcia contro veicolo arresto;Intersezione semaforizzata;Una carreggiata a senso unico di marcia;Asciutto;In cubetti di porfido;Verticale ed orizzontale;Sereno;Normale;Buona;Ore Diurne;1;0;0;1;12.51168;41.89043;-1;2;Motociclo a solo;In marcia / fermata / arresto;Conducente;M;Ricoverato;0;NON DECEDUTO;Utilizzato;
2722289;1;03/03/2016 12:34;Strada Urbana;VIA CAVOUR;all'intersezione semaforizzata con;VIA GIOVANNI AMENDOLA;VIA GIOVANNI AMENDOLA;;;Scontro frontale/laterale SX fra veicoli in marcia;Intersezione semaforizzata;Una carreggiata a doppio senso;Bagnato (pioggia);Asfaltata;Verticale ed orizzontale;Nuvoloso;Normale;Buona;Ore Diurne;1;0;0;2;12.49503;41.89645;-1;1;Autovettura privata;In marcia / fermata / arresto;Conducente;F;Rimandato;0;NON DECEDUTO;Utilizzato;Inesploso
2722289;1;03/03/2016 12:34;Strada Urbana;VIA CAVOUR;all'intersezione semaforizzata con;VIA GIOVANNI AMENDOLA;VIA GIOVANNI AMENDOLA;;;Scontro frontale/laterale SX fra veicoli in marcia;Intersezione semaforizzata;Una carreggiata a doppio senso;Bagnato (pioggia);Asfaltata;Verticale ed orizzontale;Nuvoloso;Normale;Buona;Ore Diurne;1;0;0;2;12.49503;41.89645;-1;1;Autovettura privata;In marcia / fermata / arresto;Passeggero;M;Illeso;0;;Non accertato;Inesploso
2722289;1;03/03/2016 12:34;Strada Urbana;VIA CAVOUR;all'intersezione semaforizzata con;VIA GIOVANNI AMENDOLA;VIA GIOVANNI AMENDOLA;;;Scontro frontale/laterale SX fra veicoli in marcia;Intersezione semaforizzata;Una carreggiata a doppio senso;Bagnato (pioggia);Asfaltata;Verticale ed orizzontale;Nuvoloso;Normale;Buona;Ore Diurne;1;0;0;2;12.49503;41.89645;-1;2;Autovettura privata;In marcia / fermata / arresto;Conducente;M;Illeso;0;;Non accertato;Inesploso
2722306;1;03/03/2016 08:35;Strada Urbana;VIA DI S. GALLICANO;in corrispondenza;;del civico n.;26;;Veicolo in marcia contro veicolo in sosta;Rettilineo;Una carreggiata a senso unico di marcia;Asciutto;In cubetti di porfido;Verticale ed orizzontale;Nuvoloso;Scarso;Buona;Ore Diurne;0;0;0;1;12.47289;41.88804;-1;2;Macchina operatrice;In marcia / fermata / arresto;Conducente;M;Illeso;0;;Non accertato;Inesploso
2722319;6;05/03/2016 13:30;Strada Urbana;PIAZZA DELLA MARRANELLA;in corrispondenza;;del civico n.;6;;Scontro laterale fra veicoli in marcia;Rettilineo;Una carreggiata a senso unico di marcia;Asciutto;Asfaltata;Assente;Nuvoloso;Normale;Sufficiente;Ore Diurne;0;0;0;5;12.5423;41.88055;-1;1;Autovettura privata;In marcia / fermata / arresto;Conducente;M;Illeso;0;;Non accertato;Inesploso
2722319;6;05/03/2016 13:30;Strada Urbana;PIAZZA DELLA MARRANELLA;in corrispondenza;;del civico n.;6;;Scontro laterale fra veicoli in marcia;Rettilineo;Una carreggiata a senso unico di marcia;Asciutto;Asfaltata;Assente;Nuvoloso;Normale;Sufficiente;Ore Diurne;0;0;0;5;12.5423;41.88055;-1;1;Autovettura privata;In marcia / fermata / arresto;Passeggero;F;Illeso;0;;Non accertato;Inesploso
2722319;6;05/03/2016 13:30;Strada Urbana;PIAZZA DELLA MARRANELLA;in corrispondenza;;del civico n.;6;;Scontro laterale fra veicoli in marcia;Rettilineo;Una carreggiata a senso unico di marcia;Asciutto;Asfaltata;Assente;Nuvoloso;Normale;Sufficiente;Ore Diurne;0;0;0;5;12.5423;41.88055;-1;2;Autocarro inferiore 35 q.;In marcia / fermata / arresto;Conducente;M;Illeso;0;;Non accertato;Inesploso
2722319;6;05/03/2016 13:30;Strada Urbana;PIAZZA DELLA MARRANELLA;in corrispondenza;;del civico n.;6;;Scontro laterale fra veicoli in marcia;Rettilineo;Una carreggiata a senso unico di marcia;Asciutto;Asfaltata;Assente;Nuvoloso;Normale;Sufficiente;Ore Diurne;0;0;0;5;12.5423;41.88055;-1;2;Autocarro inferiore 35 q.;In marcia / fermata / arresto;Passeggero;M;Illeso;0;;Non accertato;
2722319;6;05/03/2016 13:30;Strada Urbana;PIAZZA DELLA MARRANELLA;in corrispondenza;;del civico n.;6;;Scontro laterale fra veicoli in marcia;Rettilineo;Una carreggiata a senso unico di marcia;Asciutto;Asfaltata;Assente;Nuvoloso;Normale;Sufficiente;Ore Diurne;0;0;0;5;12.5423;41.88055;-1;2;Autocarro inferiore 35 q.;In marcia / fermata / arresto;Passeggero;M;Illeso;0;;Non accertato;
2722343;1;04/03/2016 18:00;Strada Urbana;VIA VICENZA;all'intersezione con;VIA MARSALA;VIA MARSALA;;;Scontro frontale/laterale SX fra veicoli in marcia;Incrocio;Una carreggiata a senso unico di marcia;Asciutto;Asfaltata;Verticale ed orizzontale;Sereno;Normale;Buona;Ore Diurne;0;0;0;3;12.50205;41.90258;-1;1;Autovettura privata;In marcia / fermata / arresto;Conducente;F;Illeso;0;;;
2722343;1;04/03/2016 18:00;Strada Urbana;VIA VICENZA;all'intersezione con;VIA MARSALA;VIA MARSALA;;;Scontro frontale/laterale SX fra veicoli in marcia;Incrocio;Una carreggiata a senso unico di marcia;Asciutto;Asfaltata;Verticale ed orizzontale;Sereno;Normale;Buona;Ore Diurne;0;0;0;3;12.50205;41.90258;-1;1;Autovettura privata;In marcia / fermata / arresto;Passeggero;F;Illeso;0;;;
2722343;1;04/03/2016 18:00;Strada Urbana;VIA VICENZA;all'intersezione con;VIA MARSALA;VIA MARSALA;;;Scontro frontale/laterale SX fra veicoli in marcia;Incrocio;Una carreggiata a senso unico di marcia;Asciutto;Asfaltata;Verticale ed orizzontale;Sereno;Normale;Buona;Ore Diurne;0;0;0;3;12.50205;41.90258;-1;2;Autovettura privata;In marcia / fermata / arresto;Conducente;M;Illeso;0;;;
2722354;1;04/03/2016 17:00;Strada Urbana;VIA DEL CIRCO MASSIMO;all'intersezione semaforizzata con;VIALE AVENTINO;VIALE AVENTINO;;;Scontro laterale fra veicoli in marcia;Intersezione semaforizzata;Una carreggiata a doppio senso;Asciutto;Asfaltata;Verticale ed orizzontale;Sereno;Normale;Buona;Ore Diurne;0;0;0;2;12.48522;41.88529;-1;1;Autovettura di polizia;In marcia / fermata / arresto;Conducente;M;Illeso;0;;Non accertato;Inesploso
2722354;1;04/03/2016 17:00;Strada Urbana;VIA DEL CIRCO MASSIMO;all'intersezione semaforizzata con;VIALE AVENTINO;VIALE AVENTINO;;;Scontro laterale fra veicoli in marcia;Intersezione semaforizzata;Una carreggiata a doppio senso;Asciutto;Asfaltata;Verticale ed orizzontale;Sereno;Normale;Buona;Ore Diurne;0;0;0;2;12.48522;41.88529;-1;2;Motociclo a solo;In marcia / fermata / arresto;Conducente;M;Illeso;0;;Non accertato;
2722374;1;04/03/2016 13:30;Strada Urbana;VIA DELLA GRECA;all'intersezione semaforizzata con;VIA DELL'ARA MASSIMA DI ERCOLE;VIA DELL'ARA MASSIMA DI ERCOLE;;;Scontro laterale fra veicoli in marcia;Intersezione semaforizzata;Una carreggiata a doppio senso;Asciutto;Asfaltata;Verticale ed orizzontale;Sereno;Normale;Buona;Ore Diurne;1;0;0;2;12.48164;41.88754;-1;1;Autovettura privata;In marcia / fermata / arresto;Conducente;M;Illeso;0;;Non accertato;Inesploso
2722374;1;04/03/2016 13:30;Strada Urbana;VIA DELLA GRECA;all'intersezione semaforizzata con;VIA DELL'ARA MASSIMA DI ERCOLE;VIA DELL'ARA MASSIMA DI ERCOLE;;;Scontro laterale fra veicoli in marcia;Intersezione semaforizzata;Una carreggiata a doppio senso;Asciutto;Asfaltata;Verticale ed orizzontale;Sereno;Normale;Buona;Ore Diurne;1;0;0;2;12.48164;41.88754;-1;1;Autovettura privata;In marcia / fermata / arresto;Passeggero;F;Illeso;0;;Non accertato;Inesploso
2722374;1;04/03/2016 13:30;Strada Urbana;VIA DELLA GRECA;all'intersezione semaforizzata con;VIA DELL'ARA MASSIMA DI ERCOLE;VIA DELL'ARA MASSIMA DI ERCOLE;;;Scontro laterale fra veicoli in marcia;Intersezione semaforizzata;Una carreggiata a doppio senso;Asciutto;Asfaltata;Verticale ed orizzontale;Sereno;Normale;Buona;Ore Diurne;1;0;0;2;12.48164;41.88754;-1;2;Motociclo a solo;In marcia / fermata / arresto;Conducente;M;Rimandato;0;NON DECEDUTO;Non accertato;
2722393;1;04/03/2016 08:50;Strada Urbana;VIA LUIGI PETROSELLI;in corrispondenza;;del civico n.;45;;Infortunio per sola frenata improvvisa;Rettilineo;Una carreggiata a doppio senso;Asciutto;In cubetti di porfido;Verticale ed orizzontale;Sereno;Normale;Buona;Ore Diurne;1;0;0;1;12.48107;41.89028;-1;1;Autobus di linea;In marcia / fermata / arresto;Conducente;M;Illeso;0;;Non accertato;
2722393;1;04/03/2016 08:50;Strada Urbana;VIA LUIGI PETROSELLI;in corrispondenza;;del civico n.;45;;Infortunio per sola frenata improvvisa;Rettilineo;Una carreggiata a doppio senso;Asciutto;In cubetti di porfido;Verticale ed orizzontale;Sereno;Normale;Buona;Ore Diurne;1;0;0;1;12.48107;41.89028;-1;1;Autobus di linea;In marcia / fermata / arresto;Passeggero;F;Rimandato;0;NON DECEDUTO;Esente;
2722416;1;04/03/2016 17:15;Strada Urbana;VIA DI S. PRASSEDE;all'intersezione con;VIA DELL'OLMATA;VIA DELL'OLMATA;;;Veicolo in marcia contro veicolo in sosta;Incrocio;Una carreggiata a senso unico di marcia;Asciutto;Lastricata;Orizzontale;Nuvoloso;Scarso;Buona;Ore Diurne;0;0;0;1;12.49885;41.89643;-1;1;Autovettura privata;In marcia / fermata / arresto;Conducente;M;Illeso;0;;;
2722437;1;04/03/2016 08:40;Strada Urbana;VIA CONTE VERDE;in prossimità;;del civico n.;16;;Scontro frontale/laterale SX fra veicoli in marcia;Rettilineo;Una carreggiata a doppio senso;Asciutto;Asfaltata;Verticale ed orizzontale;Sereno;Normale;Buona;Ore Diurne;1;0;0;1;12.50633;41.89349;-1;1;Autovettura privata;In marcia / fermata / arresto;Conducente;M;Illeso;0;;Non accertato;Inesploso
2722437;1;04/03/2016 08:40;Strada Urbana;VIA CONTE VERDE;in prossimità;;del civico n.;16;;Scontro frontale/laterale SX fra veicoli in marcia;Rettilineo;Una carreggiata a doppio senso;Asciutto;Asfaltata;Verticale ed orizzontale;Sereno;Normale;Buona;Ore Diurne;1;0;0;1;12.50633;41.89349;-1;2;Motociclo a solo;In marcia / fermata / arresto;Conducente;M;Rifiuta cure immediate;0;NON DECEDUTO;Non accertato;
2722453;1;04/03/2016 19:30;Strada Urbana;VIA GALVANI;all'intersezione semaforizzata con;VIA NICOLA ZABAGLIA;VIA NICOLA ZABAGLIA;;;Veicolo in marcia contro ostacolo accidentale;Intersezione semaforizzata;Una carreggiata a doppio senso;Asciutto;Con buche;Verticale ed orizzontale;Sereno;Normale;Sufficiente;Sufficiente;0;0;0;2;12.47639;41.87761;-1;1;Motociclo con passeggero;In marcia / fermata / arresto;Conducente;F;Illeso;0;;Non accertato;
2722453;1;04/03/2016 19:30;Strada Urbana;VIA GALVANI;all'intersezione semaforizzata con;VIA NICOLA ZABAGLIA;VIA NICOLA ZABAGLIA;;;Veicolo in marcia contro ostacolo accidentale;Intersezione semaforizzata;Una carreggiata a doppio senso;Asciutto;Con buche;Verticale ed orizzontale;Sereno;Normale;Sufficiente;Sufficiente;0;0;0;2;12.47639;41.87761;-1;1;Motociclo con passeggero;In marcia / fermata / arresto;Passeggero;M;Illeso;0;;Utilizzato;
2722481;1;04/03/2016 11:40;Strada Urbana;PIAZZA CASTELLANI;in prossimità;;del civico n.;23;;Veicolo in marcia contro veicolo arresto;Curva senza visuale libera;Una carreggiata a senso unico di marcia;Asciutto;In cubetti di porfido;Verticale ed orizzontale;Sereno;Normale;Buona;Ore Diurne;0;0;0;3;9.644;45.397;-1;1;Autovettura privata;In marcia / fermata / arresto;Conducente;F;Illeso;0;;;
2722481;1;04/03/2016 11:40;Strada Urbana;PIAZZA CASTELLANI;in prossimità;;del civico n.;23;;Veicolo in marcia contro veicolo arresto;Curva senza visuale libera;Una carreggiata a senso unico di marcia;Asciutto;In cubetti di porfido;Verticale ed orizzontale;Sereno;Normale;Buona;Ore Diurne;0;0;0;3;9.644;45.397;-1;1;Autovettura privata;In marcia / fermata / arresto;Passeggero;F;Illeso;0;;;
2722481;1;04/03/2016 11:40;Strada Urbana;PIAZZA CASTELLANI;in prossimità;;del civico n.;23;;Veicolo in marcia contro veicolo arresto;Curva senza visuale libera;Una carreggiata a senso unico di marcia;Asciutto;In cubetti di porfido;Verticale ed orizzontale;Sereno;Normale;Buona;Ore Diurne;0;0;0;3;9.644;45.397;-1;2;Autovettura privata;In marcia / fermata / arresto;Conducente;M;Illeso;0;;;
2722486;2;05/03/2016 15:30;Strada Urbana;VIA CHIANA;all'intersezione semaforizzata con;VIA SEBINO;VIA SEBINO;;;Scontro frontale/laterale SX fra veicoli in marcia;Intersezione semaforizzata;Due carreggiate;Asciutto;Asfaltata;Verticale ed orizzontale;Nuvoloso;Scarso;Buona;Ore Diurne;2;0;0;1;12.50533;41.92168;-1;1;Autovettura privata;In marcia / fermata / arresto;Conducente;M;Illeso;0;;Non accertato;Inesploso
2722486;2;05/03/2016 15:30;Strada Urbana;VIA CHIANA;all'intersezione semaforizzata con;VIA SEBINO;VIA SEBINO;;;Scontro frontale/laterale SX fra veicoli in marcia;Intersezione semaforizzata;Due carreggiate;Asciutto;Asfaltata;Verticale ed orizzontale;Nuvoloso;Scarso;Buona;Ore Diurne;2;0;0;1;12.50533;41.92168;-1;2;Quadriciclo leggero;In marcia / fermata / arresto;Conducente;F;Rifiuta cure immediate;0;NON DECEDUTO;Non accertato;Inesistente
2722486;2;05/03/2016 15:30;Strada Urbana;VIA CHIANA;all'intersezione semaforizzata con;VIA SEBINO;VIA SEBINO;;;Scontro frontale/laterale SX fra veicoli in marcia;Intersezione semaforizzata;Due carreggiate;Asciutto;Asfaltata;Verticale ed orizzontale;Nuvoloso;Scarso;Buona;Ore Diurne;2;0;0;1;12.50533;41.92168;-1;2;Quadriciclo leggero;In marcia / fermata / arresto;Passeggero;F;Rifiuta cure immediate;0;NON DECEDUTO;Non accertato;Inesistente