Protocollo;Gruppo;DataOraIncidente;Localizzazione1;STRADA1;Localizzazione2;STRADA2;Strada02;Chilometrica;DaSpecificare;NaturaIncidente;particolaritastrade;TipoStrada;FondoStradale;Pavimentazione;Segnaletica;CondizioneAtmosferica;Traffico;Visibilita;Illuminazione;NUM_FERITI;NUM_RISERVATA;NUM_MORTI;NUM_ILLESI;Longitudine;Latitudine;Confermato;Progressivo;TipoVeicolo;StatoVeicolo;TipoPersona;Sesso;Tipolesione;Deceduto;DecedutoDopo;CinturaCascoUtilizzato;Airbag
2725995;18;03/03/2016 07:30;Strada Urbana;VIA GREGORIO VII;da specificare;;;;fronte civico 510;Scontro laterale fra veicoli in marcia;Rettilineo;Più di due carreggiate;Asciutto;Asfaltata;Verticale ed orizzontale;Nuvoloso;Scarso;Buona;Ore Diurne;1;0;0;3;12.44042;41.89603;-1;2;Autovettura privata;In marcia / fermata / arresto;Conducente;F;Rifiuta cure immediate;0;NON DECEDUTO;;
2725995;18;03/03/2016 07:30;Strada Urbana;VIA GREGORIO VII;da specificare;;;;fronte civico 510;Scontro laterale fra veicoli in marcia;Rettilineo;Più di due carreggiate;Asciutto;Asfaltata;Verticale ed orizzontale;Nuvoloso;Scarso;Buona;Ore Diurne;1;0;0;3;12.44042;41.89603;-1;3;Autovettura privata;In marcia / fermata / arresto;Conducente;F;Illeso;0;;;Inesploso
2725995;18;03/03/2016 07:30;Strada Urbana;VIA GREGORIO VII;da specificare;;;;fronte civico 510;Scontro laterale fra veicoli in marcia;Rettilineo;Più di due carreggiate;Asciutto;Asfaltata;Verticale ed orizzontale;Nuvoloso;Scarso;Buona;Ore Diurne;1;0;0;3;12.44042;41.89603;-1;3;Autovettura privata;In marcia / fermata / arresto;Passeggero;M;Illeso;0;;;
2725996;7;08/03/2016 13:00;Strada Urbana;VIA DELLA RUSTICA;all'intersezione con;LARGO AUGUSTO CORELLI;LARGO AUGUSTO CORELLI;;;Investimento di pedone;Incrocio;Due carreggiate;Asciutto;Asfaltata;Assente;Sereno;Normale;Buona;Ore Diurne;1;0;0;1;12.6094;41.91362;-1;;;;Pedone;M;Ricoverato;0;NON DECEDUTO;;
2725996;7;08/03/2016 13:00;Strada Urbana;VIA DELLA RUSTICA;all'intersezione con;LARGO AUGUSTO CORELLI;LARGO AUGUSTO CORELLI;;;Investimento di pedone;Incrocio;Due carreggiate;Asciutto;Asfaltata;Assente;Sereno;Normale;Buona;Ore Diurne;1;0;0;1;12.6094;41.91362;-1;1;Motociclo a solo;In marcia / fermata / arresto;Conducente;M;Illeso;0;;Non accertato;
2726012;13;08/03/2016 08:20;Strada Urbana;VIA ANDREA CATRANI;all'intersezione con;VIA ANDREA DA GARESSIO;VIA ANDREA DA GARESSIO;;;Scontro frontale/laterale DX fra veicoli in marcia;Incrocio;Una carreggiata a senso unico di marcia;Bagnato (umidità in atto);Asfaltata;Verticale ed orizzontale;Nuvoloso;Normale;Buona;Ore Diurne;1;0;0;1;12.35438;41.78421;-1;1;Autocarro inferiore 35 q.;In marcia / fermata / arresto;Conducente;M;Illeso;0;;Non accertato;Inesistente
2726012;13;08/03/2016 08:20;Strada Urbana;VIA ANDREA CATRANI;all'intersezione con;VIA ANDREA DA GARESSIO;VIA ANDREA DA GARESSIO;;;Scontro frontale/laterale DX fra veicoli in marcia;Incrocio;Una carreggiata a senso unico di marcia;Bagnato (umidità in atto);Asfaltata;Verticale ed orizzontale;Nuvoloso;Normale;Buona;Ore Diurne;1;0;0;1;12.35438;41.78421;-1;2;Autovettura privata;In marcia / fermata / arresto;Conducente;M;Rimandato;0;NON DECEDUTO;Non accertato;Esploso
2726015;13;08/03/2016 11:35;Strada Urbana;VIA CESARE MACCARI;in prossimità;;del civico n.;5;;Scontro laterale fra veicoli in marcia;Rettilineo;Una carreggiata a doppio senso;Asciutto;Asfaltata;Assente;Nuvoloso;Normale;Buona;Ore Diurne;0;0;0;2;12.35549;41.77758;-1;1;Autovettura privata;In marcia / fermata / arresto;Conducente;M;Illeso;0;;Non accertato;Inesploso
2726015;13;08/03/2016 11:35;Strada Urbana;VIA CESARE MACCARI;in prossimità;;del civico n.;5;;Scontro laterale fra veicoli in marcia;Rettilineo;Una carreggiata a doppio senso;Asciutto;Asfaltata;Assente;Nuvoloso;Normale;Buona;Ore Diurne;0;0;0;2;12.35549;41.77758;-1;2;Autovettura privata;In marcia / fermata / arresto;Conducente;M;Illeso;0;;Non accertato;Inesploso
2726019;13;08/03/2016 11:12;Strada Urbana;VIALE DELLE REPUBBLICHE MARINARE;in prossimità;;del civico n.;80;;Investimento di pedone;Rettilineo;Due carreggiate;Asciutto;Asfaltata;Verticale ed orizzontale;Nuvoloso;Normale;Buona;Ore Diurne;1;0;0;1;12.26911;41.7355;-1;;;;Pedone;M;Rimandato;0;NON DECEDUTO;;
2726019;13;08/03/2016 11:12;Strada Urbana;VIALE DELLE REPUBBLICHE MARINARE;in prossimità;;del civico n.;80;;Investimento di pedone;Rettilineo;Due carreggiate;Asciutto;Asfaltata;Verticale ed orizzontale;Nuvoloso;Normale;Buona;Ore Diurne;1;0;0;1;12.26911;41.7355;-1;1;Autovettura privata;In marcia / fermata / arresto;Conducente;F;Illeso;0;;Non accertato;Inesploso
2726039;18;04/03/2016 01:30;Strada Urbana;VIA COGOLETO;in corrispondenza;;del civico n.;111;;Veicolo in marcia contro veicolo in sosta;Rettilineo;Una carreggiata a senso unico di marcia;Asciutto;Asfaltata;Verticale ed orizzontale;Sereno;Scarso;Sufficiente;Sufficiente;0;0;0;3;12.42324;41.92689;-1;1;Autovettura privata;In marcia / fermata / arresto;Conducente;M;Illeso;0;;Non accertato;Inesploso
2726039;18;04/03/2016 01:30;Strada Urbana;VIA COGOLETO;in corrispondenza;;del civico n.;111;;Veicolo in marcia contro veicolo in sosta;Rettilineo;Una carreggiata a senso unico di marcia;Asciutto;Asfaltata;Verticale ed orizzontale;Sereno;Scarso;Sufficiente;Sufficiente;0;0;0;3;12.42324;41.92689;-1;1;Autovettura privata;In marcia / fermata / arresto;Passeggero;M;Illeso;0;;Non accertato;Inesploso
2726039;18;04/03/2016 01:30;Strada Urbana;VIA COGOLETO;in corrispondenza;;del civico n.;111;;Veicolo in marcia contro veicolo in sosta;Rettilineo;Una carreggiata a senso unico di marcia;Asciutto;Asfaltata;Verticale ed orizzontale;Sereno;Scarso;Sufficiente;Sufficiente;0;0;0;3;12.42324;41.92689;-1;1;Autovettura privata;In marcia / fermata / arresto;Passeggero;F;Illeso;0;;Non accertato;Inesploso
2726080;1;07/03/2016 16:00;Strada Urbana;VIA DI S. BASILIO;in corrispondenza;;del civico n.;23;;Veicolo in marcia contro veicoli in sosta;Rettilineo;Una carreggiata a senso unico di marcia;Asciutto;In cubetti di porfido;Verticale ed orizzontale;Nuvoloso;Scarso;Buona;Sufficiente;0;0;0;1;12.49055;41.9057;-1;4;Autovettura privata;In marcia / fermata / arresto;Conducente;M;Illeso;0;;;
2726103;18;04/03/2016 11:55;Strada Urbana;VIA BALDO DEGLI UBALDI;in corrispondenza;;del civico n.;36;;Tamponamento Multiplo;Rettilineo;Due carreggiate;Asciutto;Asfaltata;Verticale ed orizzontale;Sereno;Intenso;Buona;Ore Diurne;1;0;0;5;12.43131;41.89848;-1;1;Autocarro inferiore 35 q.;In marcia / fermata / arresto;Conducente;M;Illeso;0;;Non accertato;Inesploso
2726103;18;04/03/2016 11:55;Strada Urbana;VIA BALDO DEGLI UBALDI;in corrispondenza;;del civico n.;36;;Tamponamento Multiplo;Rettilineo;Due carreggiate;Asciutto;Asfaltata;Verticale ed orizzontale;Sereno;Intenso;Buona;Ore Diurne;1;0;0;5;12.43131;41.89848;-1;2;Autovettura privata;In marcia / fermata / arresto;Conducente;M;Illeso;0;;Non accertato;Inesploso
2726103;18;04/03/2016 11:55;Strada Urbana;VIA BALDO DEGLI UBALDI;in corrispondenza;;del civico n.;36;;Tamponamento Multiplo;Rettilineo;Due carreggiate;Asciutto;Asfaltata;Verticale ed orizzontale;Sereno;Intenso;Buona;Ore Diurne;1;0;0;5;12.43131;41.89848;-1;2;Autovettura privata;In marcia / fermata / arresto;Passeggero;F;Illeso;0;;Non accertato;Inesploso
2726103;18;04/03/2016 11:55;Strada Urbana;VIA BALDO DEGLI UBALDI;in corrispondenza;;del civico n.;36;;Tamponamento Multiplo;Rettilineo;Due carreggiate;Asciutto;Asfaltata;Verticale ed orizzontale;Sereno;Intenso;Buona;Ore Diurne;1;0;0;5;12.43131;41.89848;-1;3;Motociclo a solo;In marcia / fermata / arresto;Conducente;M;Rifiuta cure immediate;0;NON DECEDUTO;Non accertato;
2726103;18;04/03/2016 11:55;Strada Urbana;VIA BALDO DEGLI UBALDI;in corrispondenza;;del civico n.;36;;Tamponamento Multiplo;Rettilineo;Due carreggiate;Asciutto;Asfaltata;Verticale ed orizzontale;Sereno;Intenso;Buona;Ore Diurne;1;0;0;5;12.43131;41.89848;-1;4;Autovettura privata;In marcia / fermata / arresto;Conducente;M;Illeso;0;;Non accertato;Inesploso
2726103;18;04/03/2016 11:55;Strada Urbana;VIA BALDO DEGLI UBALDI;in corrispondenza;;del civico n.;36;;Tamponamento Multiplo;Rettilineo;Due carreggiate;Asciutto;Asfaltata;Verticale ed orizzontale;Sereno;Intenso;Buona;Ore Diurne;1;0;0;5;12.43131;41.89848;-1;4;Autovettura privata;In marcia / fermata / arresto;Passeggero;F;Illeso;0;;Non accertato;Inesploso
2726132;1;07/03/2016 09:35;Strada Urbana;PIAZZA DI PORTA MAGGIORE;all'intersezione con;VIA GIOVANNI GIOLITTI;VIA GIOVANNI GIOLITTI;;;Scontro laterale fra veicoli in marcia;Intersezione semaforizzata;Una carreggiata a senso unico di marcia;Asciutto;Asfaltata;Orizzontale;Nuvoloso;Normale;Buona;Ore Diurne;0;0;0;3;12.5145;41.89213;-1;1;Autovettura privata;In marcia / fermata / arresto;Conducente;F;Illeso;0;;Utilizzato;Inesploso
2726132;1;07/03/2016 09:35;Strada Urbana;PIAZZA DI PORTA MAGGIORE;all'intersezione con;VIA GIOVANNI GIOLITTI;VIA GIOVANNI GIOLITTI;;;Scontro laterale fra veicoli in marcia;Intersezione semaforizzata;Una carreggiata a senso unico di marcia;Asciutto;Asfaltata;Orizzontale;Nuvoloso;Normale;Buona;Ore Diurne;0;0;0;3;12.5145;41.89213;-1;2;Autovettura privata;In marcia / fermata / arresto;Conducente;M;Illeso;0;;;
2726132;1;07/03/2016 09:35;Strada Urbana;PIAZZA DI PORTA MAGGIORE;all'intersezione con;VIA GIOVANNI GIOLITTI;VIA GIOVANNI GIOLITTI;;;Scontro laterale fra veicoli in marcia;Intersezione semaforizzata;Una carreggiata a senso unico di marcia;Asciutto;Asfaltata;Orizzontale;Nuvoloso;Normale;Buona;Ore Diurne;0;0;0;3;12.5145;41.89213;-1;2;Autovettura privata;In marcia / fermata / arresto;Passeggero;F;Illeso;0;;Non accertato;
2726151;17;07/03/2016 07:45;Strada Urbana;VIALE VATICANO;all'intersezione con;VIA TUNISI;VIA TUNISI;;;Investimento di pedone;Intersezione stradale segnalata;Una carreggiata a doppio senso;Asciutto;Asfaltata;Verticale ed orizzontale;Nuvoloso;Normale;Buona;Ore Diurne;1;0;0;1;12.45318;41.90693;-1;;;;Pedone;F;Rimandato;0;NON DECEDUTO;;
2726151;17;07/03/2016 07:45;Strada Urbana;VIALE VATICANO;all'intersezione con;VIA TUNISI;VIA TUNISI;;;Investimento di pedone;Intersezione stradale segnalata;Una carreggiata a doppio senso;Asciutto;Asfaltata;Verticale ed orizzontale;Nuvoloso;Normale;Buona;Ore Diurne;1;0;0;1;12.45318;41.90693;-1;1;Ciclomotore;In marcia / fermata / arresto;Conducente;M;Illeso;0;;;
2726152;18;03/03/2016 13:00;Strada Urbana;VIA BALDO DEGLI UBALDI;in prossimità;;del civico n.;33;;Scontro frontale/laterale SX fra veicoli in marcia;Rettilineo;Due carreggiate;Asciutto;Asfaltata;Verticale ed orizzontale;Sereno;Normale;Buona;Ore Diurne;0;0;0;1;12.43126;41.89863;-1;1;Autovettura privata;In marcia / fermata / arresto;Conducente;M;Illeso;0;;;
2726169;1;07/03/2016 15:30;Strada Urbana;PIAZZA DI PORTA MAGGIORE;da specificare;;;;in prossimità VIA ELENIANA;Tamponamento;Curva a visuale libera;Una carreggiata a senso unico di marcia;Asciutto;Asfaltata;Verticale ed orizzontale;Nuvoloso;Normale;Buona;Ore Diurne;0;0;0;2;12.5145;41.89213;-1;1;Autocarro inferiore 35 q.;In marcia / fermata / arresto;Conducente;M;Illeso;0;;Non accertato;
2726169;1;07/03/2016 15:30;Strada Urbana;PIAZZA DI PORTA MAGGIORE;da specificare;;;;in prossimità VIA ELENIANA;Tamponamento;Curva a visuale libera;Una carreggiata a senso unico di marcia;Asciutto;Asfaltata;Verticale ed orizzontale;Nuvoloso;Normale;Buona;Ore Diurne;0;0;0;2;12.5145;41.89213;-1;2;Autovettura privata;In marcia / fermata / arresto;Conducente;M;Illeso;0;;Non accertato;Inesploso
2726170;6;08/03/2016 14:00;Strada Urbana;VIALE DELLA SERENISSIMA;da specificare;;;;prossimità VIA CHERSO direzione PRENESTINA;Scontro laterale fra veicoli in marcia;Rettilineo;Due carreggiate;Bagnato (pioggia);Asfaltata;Verticale;Nuvoloso;Normale;Buona;Ore Diurne;0;0;0;3;12.55867;41.89644;-1;1;Autovettura privata;In marcia / fermata / arresto;Conducente;F;Illeso;0;;Non accertato;Inesploso
2726170;6;08/03/2016 14:00;Strada Urbana;VIALE DELLA SERENISSIMA;da specificare;;;;prossimità VIA CHERSO direzione PRENESTINA;Scontro laterale fra veicoli in marcia;Rettilineo;Due carreggiate;Bagnato (pioggia);Asfaltata;Verticale;Nuvoloso;Normale;Buona;Ore Diurne;0;0;0;3;12.55867;41.89644;-1;1;Autovettura privata;In marcia / fermata / arresto;Passeggero;M;Illeso;0;;Non accertato;Inesploso
2726170;6;08/03/2016 14:00;Strada Urbana;VIALE DELLA SERENISSIMA;da specificare;;;;prossimità VIA CHERSO direzione PRENESTINA;Scontro laterale fra veicoli in marcia;Rettilineo;Due carreggiate;Bagnato (pioggia);Asfaltata;Verticale;Nuvoloso;Normale;Buona;Ore Diurne;0;0;0;3;12.55867;41.89644;-1;2;Autovettura privata;In marcia / fermata / arresto;Conducente;F;Illeso;0;;Utilizzato;
2726204;17;07/03/2016 10:45;Strada Urbana;PIAZZA GIUSEPPE MAZZINI;in prossimità;;del civico n.;40;;Veicolo in marcia contro veicolo in sosta;Rotatoria;Una carreggiata a senso unico di marcia;Asciutto;Asfaltata;Verticale ed orizzontale;Nuvoloso;Normale;Buona;Ore Diurne;0;0;0;2;12.46353;41.91643;-1;2;Autovettura privata;In marcia / fermata / arresto;Conducente;M;Illeso;0;;;
2726204;17;07/03/2016 10:45;Strada Urbana;PIAZZA GIUSEPPE MAZZINI;in prossimità;;del civico n.;40;;Veicolo in marcia contro veicolo in sosta;Rotatoria;Una carreggiata a senso unico di marcia;Asciutto;Asfaltata;Verticale ed orizzontale;Nuvoloso;Normale;Buona;Ore Diurne;0;0;0;2;12.46353;41.91643;-1;2;Autovettura privata;In marcia / fermata / arresto;Passeggero;M;Illeso;0;;;
2726208;1;07/03/2016 14:10;Strada Urbana;LUNGOTEVERE RAFFAELLO SANZIO;all'intersezione semaforizzata con;PIAZZA GIUSEPPE GIOACHINO BELLI;PIAZZA GIUSEPPE GIOACHINO BELLI;;;Scontro laterale fra veicoli in marcia;Intersezione semaforizzata;Una carreggiata a senso unico di marcia;Asciutto;Asfaltata;Verticale ed orizzontale;Nuvoloso;Normale;Buona;Ore Diurne;0;0;0;2;12.47209;41.89077;-1;1;Autocarro inferiore 35 q.;In marcia / fermata / arresto;Conducente;M;Illeso;0;;Non accertato;
2726208;1;07/03/2016 14:10;Strada Urbana;LUNGOTEVERE RAFFAELLO SANZIO;all'intersezione semaforizzata con;PIAZZA GIUSEPPE GIOACHINO BELLI;PIAZZA GIUSEPPE GIOACHINO BELLI;;;Scontro laterale fra veicoli in marcia;Intersezione semaforizzata;Una carreggiata a senso unico di marcia;Asciutto;Asfaltata;Verticale ed orizzontale;Nuvoloso;Normale;Buona;Ore Diurne;0;0;0;2;12.47209;41.89077;-1;2;Motociclo con passeggero;In marcia / fermata / arresto;Conducente;M;Illeso;0;;Non accertato;
2726229;9;08/03/2016 16:40;Strada Urbana;VIA ARRIGO DAVILA;all'intersezione con;VIA TOMMASO INGHIRAMI;VIA TOMMASO INGHIRAMI;;;Scontro frontale/laterale SX fra veicoli in marcia;Incrocio;Una carreggiata a senso unico di marcia;Bagnato (pioggia);Asfaltata;Verticale ed orizzontale;Nuvoloso;Normale;Buona;Ore Diurne;0;0;0;2;12.52835;41.86821;-1;1;Autovettura privata;In marcia / fermata / arresto;Conducente;M;Illeso;0;;Non accertato;Inesploso
2726229;9;08/03/2016 16:40;Strada Urbana;VIA ARRIGO DAVILA;all'intersezione con;VIA TOMMASO INGHIRAMI;VIA TOMMASO INGHIRAMI;;;Scontro frontale/laterale SX fra veicoli in marcia;Incrocio;Una carreggiata a senso unico di marcia;Bagnato (pioggia);Asfaltata;Verticale ed orizzontale;Nuvoloso;Normale;Buona;Ore Diurne;0;0;0;2;12.52835;41.86821;-1;2;Autovettura privata;In marcia / fermata / arresto;Conducente;F;Illeso;0;;Non accertato;Inesploso
2726230;1;07/03/2016 09:50;Strada Urbana;PIAZZA DI S. CROCE IN GERUSALEMME;all'intersezione semaforizzata con;VIA SESSORIANA;VIA SESSORIANA;;;Scontro frontale/laterale DX fra veicoli in marcia;Intersezione semaforizzata;Più di due carreggiate;Bagnato (pioggia);Asfaltata;Verticale ed orizzontale;Pioggia in atto;Normale;Buona;Ore Diurne;0;0;0;4;12.51524;41.88906;-1;1;Autoambulanza;In marcia / fermata / arresto;Conducente;M;Illeso;0;;;
2726230;1;07/03/2016 09:50;Strada Urbana;PIAZZA DI S. CROCE IN GERUSALEMME;all'intersezione semaforizzata con;VIA SESSORIANA;VIA SESSORIANA;;;Scontro frontale/laterale DX fra veicoli in marcia;Intersezione semaforizzata;Più di due carreggiate;Bagnato (pioggia);Asfaltata;Verticale ed orizzontale;Pioggia in atto;Normale;Buona;Ore Diurne;0;0;0;4;12.51524;41.88906;-1;1;Autoambulanza;In marcia / fermata / arresto;Passeggero;M;Illeso;0;;;
2726230;1;07/03/2016 09:50;Strada Urbana;PIAZZA DI S. CROCE IN GERUSALEMME;all'intersezione semaforizzata con;VIA SESSORIANA;VIA SESSORIANA;;;Scontro frontale/laterale DX fra veicoli in marcia;Intersezione semaforizzata;Più di due carreggiate;Bagnato (pioggia);Asfaltata;Verticale ed orizzontale;Pioggia in atto;Normale;Buona;Ore Diurne;0;0;0;4;12.51524;41.88906;-1;2;Autovettura pubblica;In marcia / fermata / arresto;Conducente;M;Illeso;0;;;
2726230;1;07/03/2016 09:50;Strada Urbana;PIAZZA DI S. CROCE IN GERUSALEMME;all'intersezione semaforizzata con;VIA SESSORIANA;VIA SESSORIANA;;;Scontro frontale/laterale DX fra veicoli in marcia;Intersezione semaforizzata;Più di due carreggiate;Bagnato (pioggia);Asfaltata;Verticale ed orizzontale;Pioggia in atto;Normale;Buona;Ore Diurne;0;0;0;4;12.51524;41.88906;-1;2;Autovettura pubblica;In marcia / fermata / arresto;Passeggero;F;Illeso;0;;;
2726247;18;03/03/2016 16:30;Strada Urbana;VIA RISERVA DELLA TORRETTA;all'intersezione con;VIA DELLA MAGLIANELLA;VIA DELLA MAGLIANELLA;;;Scontro frontale/laterale SX fra veicoli in marcia;Intersezione stradale segnalata;Una carreggiata a doppio senso;Asciutto;Asfaltata;Verticale ed orizzontale;Sereno;Normale;Buona;Ore Diurne;0;0;0;3;12.38268;41.88761;-1;1;Autovettura pubblica;In marcia / fermata / arresto;Conducente;M;Illeso;0;;Non accertato;Inesploso
2726247;18;03/03/2016 16:30;Strada Urbana;VIA RISERVA DELLA TORRETTA;all'intersezione con;VIA DELLA MAGLIANELLA;VIA DELLA MAGLIANELLA;;;Scontro frontale/laterale SX fra veicoli in marcia;Intersezione stradale segnalata;Una carreggiata a doppio senso;Asciutto;Asfaltata;Verticale ed orizzontale;Sereno;Normale;Buona;Ore Diurne;0;0;0;3;12.38268;41.88761;-1;2;Autovettura privata;In marcia / fermata / arresto;Conducente;M;Illeso;0;;Non accertato;Inesploso
2726247;18;03/03/2016 16:30;Strada Urbana;VIA RISERVA DELLA TORRETTA;all'intersezione con;VIA DELLA MAGLIANELLA;VIA DELLA MAGLIANELLA;;;Scontro frontale/laterale SX fra veicoli in marcia;Intersezione stradale segnalata;Una carreggiata a doppio senso;Asciutto;Asfaltata;Verticale ed orizzontale;Sereno;Normale;Buona;Ore Diurne;0;0;0;3;12.38268;41.88761;-1;2;Autovettura privata;In marcia / fermata / arresto;Passeggero;F;Illeso;0;;Non accertato;Inesploso
2726250;1;08/03/2016 07:45;Strada Urbana;VIALE AVENTINO;in prossimità;;del civico n.;17;;Infortunio per sola frenata improvvisa;Rettilineo;Più di due carreggiate;Bagnato (pioggia);In cubetti di porfido;Verticale ed orizzontale;Pioggia in atto;Normale;Buona;Ore Diurne;1;0;0;0;12.48814;41.88345;-1;1;Ciclomotore;In marcia / fermata / arresto;Conducente;F;Rimandato;0;NON DECEDUTO;Non accertato;
2726284;1;08/03/2016 01:10;Strada Urbana;VIA DRUSO;all'intersezione con;VIALE DELLE TERME DI CARACALLA;VIALE DELLE TERME DI CARACALLA;;;Scontro laterale fra veicoli in marcia;Incrocio;Una carreggiata a doppio senso;Bagnato (pioggia);Asfaltata;Verticale ed orizzontale;Nuvoloso;Scarso;Sufficiente;Sufficiente;1;0;0;1;12.49709;41.88099;-1;1;Autovettura privata;In marcia / fermata / arresto;Conducente;M;Illeso;0;;Non accertato;
2726284;1;08/03/2016 01:10;Strada Urbana;VIA DRUSO;all'intersezione con;VIALE DELLE TERME DI CARACALLA;VIALE DELLE TERME DI CARACALLA;;;Scontro laterale fra veicoli in marcia;Incrocio;Una carreggiata a doppio senso;Bagnato (pioggia);Asfaltata;Verticale ed orizzontale;Nuvoloso;Scarso;Sufficiente;Sufficiente;1;0;0;1;12.49709;41.88099;-1;2;Motociclo a solo;In marcia / fermata / arresto;Conducente;M;Rimandato;0;NON DECEDUTO;;
2726288;2;08/03/2016 15:30;Strada Urbana;PIAZZALE BRASILE;da specificare;;;;altezza Via DI PORTA PINCIANA;Infortunio per sola frenata improvvisa;Rotatoria;Una carreggiata a senso unico di marcia;Bagnato (pioggia);Asfaltata;Verticale ed orizzontale;Nuvoloso;Normale;Buona;Ore Diurne;1;0;0;0;12.4883;41.90953;-1;1;Motociclo a solo;In marcia / fermata / arresto;Conducente;M;Ricoverato;0;NON DECEDUTO;Non accertato;
2726296;11;08/03/2016 08:15;Strada Urbana;VIA TITO;in corrispondenza;;del civico n.;13;;Scontro laterale fra veicoli in marcia;Rettilineo;Una carreggiata a senso unico di marcia;Bagnato (umidità in atto);Asfaltata;Verticale ed orizzontale;Nuvoloso;Normale;Buona;Ore Diurne;0;0;0;3;12.48724;41.85407;-1;1;Autovettura privata;In marcia / fermata / arresto;Conducente;M;Illeso;0;;Non accertato;Inesploso
2726296;11;08/03/2016 08:15;Strada Urbana;VIA TITO;in corrispondenza;;del civico n.;13;;Scontro laterale fra veicoli in marcia;Rettilineo;Una carreggiata a senso unico di marcia;Bagnato (umidità in atto);Asfaltata;Verticale ed orizzontale;Nuvoloso;Normale;Buona;Ore Diurne;0;0;0;3;12.48724;41.85407;-1;1;Autovettura privata;In marcia / fermata / arresto;Passeggero;F;Illeso;0;;Non accertato;Inesploso
2726296;11;08/03/2016 08:15;Strada Urbana;VIA TITO;in corrispondenza;;del civico n.;13;;Scontro laterale fra veicoli in marcia;Rettilineo;Una carreggiata a senso unico di marcia;Bagnato (umidità in atto);Asfaltata;Verticale ed orizzontale;Nuvoloso;Normale;Buona;Ore Diurne;0;0;0;3;12.48724;41.85407;-1;2;Autovettura privata;In marcia / fermata / arresto;Conducente;M;Illeso;0;;Non accertato;Inesploso
2726314;1;08/03/2016 11:45;Strada Urbana;VIALE DELLO SCALO S. LORENZO;da specificare;;;;in prossimità fornice di P.ZZA DI PORTA MAGGIORE;Scontro laterale fra veicoli in marcia;Curva a visuale libera;Una carreggiata a senso unico di marcia;Bagnato (pioggia);Asfaltata;Assente;Pioggia in atto;Normale;Buona;Ore Diurne;0;0;0;3;12.51498;41.89235;-1;1;Autotreno;In marcia / fermata / arresto;Conducente;M;Illeso;0;;;
2726314;1;08/03/2016 11:45;Strada Urbana;VIALE DELLO SCALO S. LORENZO;da specificare;;;;in prossimità fornice di P.ZZA DI PORTA MAGGIORE;Scontro laterale fra veicoli in marcia;Curva a visuale libera;Una carreggiata a senso unico di marcia;Bagnato (pioggia);Asfaltata;Assente;Pioggia in atto;Normale;Buona;Ore Diurne;0;0;0;3;12.51498;41.89235;-1;1;Autotreno;In marcia / fermata / arresto;Passeggero;M;Illeso;0;;;
2726314;1;08/03/2016 11:45;Strada Urbana;VIALE DELLO SCALO S. LORENZO;da specificare;;;;in prossimità fornice di P.ZZA DI PORTA MAGGIORE;Scontro laterale fra veicoli in marcia;Curva a visuale libera;Una carreggiata a senso unico di marcia;Bagnato (pioggia);Asfaltata;Assente;Pioggia in atto;Normale;Buona;Ore Diurne;0;0;0;3;12.51498;41.89235;-1;2;Autovettura privata;In marcia / fermata / arresto;Conducente;M;Illeso;0;;;
2726330;1;08/03/2016 08:50;Strada Urbana;VIA DELL'AMBA ARADAM;in corrispondenza;;del civico n.;31 A;;Scontro frontale/laterale SX fra veicoli in marcia;Rettilineo;Una carreggiata a doppio senso;Bagnato (pioggia);Asfaltata;Verticale ed orizzontale;Nuvoloso;Intenso;Buona;Ore Diurne;1;0;0;1;12.5002;41.88374;-1;1;Autovettura privata;In marcia / fermata / arresto;Conducente;M;Illeso;0;;Non accertato;Inesploso
2726330;1;08/03/2016 08:50;Strada Urbana;VIA DELL'AMBA ARADAM;in corrispondenza;;del civico n.;31 A;;Scontro frontale/laterale SX fra veicoli in marcia;Rettilineo;Una carreggiata a doppio senso;Bagnato (pioggia);Asfaltata;Verticale ed orizzontale;Nuvoloso;Intenso;Buona;Ore Diurne;1;0;0;1;12.5002;41.88374;-1;2;Motociclo a solo;In marcia / fermata / arresto;Conducente;M;Ricoverato;0;NON DECEDUTO;Non accertato;
2726360;11;08/03/2016 10:35;Strada Urbana;VIA ARDEATINA;all'intersezione con;VIA DI TORRICOLA;VIA DI TORRICOLA;;;Scontro laterale fra veicoli in marcia;Rotatoria;Una carreggiata a doppio senso;Asciutto;Asfaltata;Verticale ed orizzontale;Nuvoloso;Normale;Buona;Ore Diurne;0;0;0;2;12.52822;41.80219;-1;1;Autovettura privata;In marcia / fermata / arresto;Conducente;M;Illeso;0;;;
2726360;11;08/03/2016 10:35;Strada Urbana;VIA ARDEATINA;all'intersezione con;VIA DI TORRICOLA;VIA DI TORRICOLA;;;Scontro laterale fra veicoli in marcia;Rotatoria;Una carreggiata a doppio senso;Asciutto;Asfaltata;Verticale ed orizzontale;Nuvoloso;Normale;Buona;Ore Diurne;0;0;0;2;12.52822;41.80219;-1;2;Autovettura privata;In marcia / fermata / arresto;Conducente;F;Illeso;0;;;
2726372;15;08/03/2016 15:00;Strada Urbana;VIA QUIRINO MAJORANA;all'intersezione con;VIA DI POZZO PANTALEO;VIA DI POZZO PANTALEO;;;Infortunio per sola frenata improvvisa;Intersezione stradale segnalata;Una carreggiata a doppio senso;Bagnato (pioggia);Asfaltata;Orizzontale;Nuvoloso;Normale;Buona;Ore Diurne;1;0;0;0;12.46208;41.86846;-1;1;Motociclo a solo;In marcia / fermata / arresto;Conducente;M;Rimandato;0;NON DECEDUTO;Utilizzato;