Protocollo;Gruppo;DataOraIncidente;Localizzazione1;STRADA1;Localizzazione2;STRADA2;Strada02;Chilometrica;DaSpecificare;NaturaIncidente;particolaritastrade;TipoStrada;FondoStradale;Pavimentazione;Segnaletica;CondizioneAtmosferica;Traffico;Visibilita;Illuminazione;NUM_FERITI;NUM_RISERVATA;NUM_MORTI;NUM_ILLESI;Longitudine;Latitudine;Confermato;Progressivo;TipoVeicolo;StatoVeicolo;TipoPersona;Sesso;Tipolesione;Deceduto;DecedutoDopo;CinturaCascoUtilizzato;Airbag
2736216;13;15/03/2016 22:20;Strada Urbana;VIA TELEMACO SIGNORINI;all'intersezione con;VIA GINO BONICHI;VIA GINO BONICHI;;;Scontro laterale fra veicoli in marcia;Incrocio;Una carreggiata a doppio senso;Asciutto;Asfaltata;Verticale;Nuvoloso;Scarso;Sufficiente;Ore Diurne;4;0;0;1;12.35678;41.77568;-1;2;Autovettura privata;In marcia / fermata / arresto;Conducente;M;Rimandato;0;NON DECEDUTO;Non accertato;Inesploso
2736216;13;15/03/2016 22:20;Strada Urbana;VIA TELEMACO SIGNORINI;all'intersezione con;VIA GINO BONICHI;VIA GINO BONICHI;;;Scontro laterale fra veicoli in marcia;Incrocio;Una carreggiata a doppio senso;Asciutto;Asfaltata;Verticale;Nuvoloso;Scarso;Sufficiente;Ore Diurne;4;0;0;1;12.35678;41.77568;-1;2;Autovettura privata;In marcia / fermata / arresto;Passeggero;M;Rimandato;0;NON DECEDUTO;Non accertato;Inesploso
2736216;13;15/03/2016 22:20;Strada Urbana;VIA TELEMACO SIGNORINI;all'intersezione con;VIA GINO BONICHI;VIA GINO BONICHI;;;Scontro laterale fra veicoli in marcia;Incrocio;Una carreggiata a doppio senso;Asciutto;Asfaltata;Verticale;Nuvoloso;Scarso;Sufficiente;Ore Diurne;4;0;0;1;12.35678;41.77568;-1;3;Autovettura privata;In marcia / fermata / arresto;Conducente;M;Illeso;0;;Non accertato;Inesploso
2736239;2;10/03/2016 18:30;Strada Urbana;PIAZZA EUCLIDE;all'intersezione con;VIA DEL SACRO CUORE DI MARIA;VIA DEL SACRO CUORE DI MARIA;;;Scontro laterale fra veicoli in marcia;Incrocio;Una carreggiata a senso unico di marcia;Asciutto;Asfaltata;Verticale ed orizzontale;Sereno;Normale;Sufficiente;Sufficiente;0;0;0;2;12.48166;41.92706;-1;1;Autovettura privata;In marcia / fermata / arresto;Conducente;M;Illeso;0;;;
2736239;2;10/03/2016 18:30;Strada Urbana;PIAZZA EUCLIDE;all'intersezione con;VIA DEL SACRO CUORE DI MARIA;VIA DEL SACRO CUORE DI MARIA;;;Scontro laterale fra veicoli in marcia;Incrocio;Una carreggiata a senso unico di marcia;Asciutto;Asfaltata;Verticale ed orizzontale;Sereno;Normale;Sufficiente;Sufficiente;0;0;0;2;12.48166;41.92706;-1;2;Autocarro superiore 35 q.;In marcia / fermata / arresto;Conducente;M;Illeso;0;;;
2736243;4;15/03/2016 15:35;Strada Urbana;VIALE CARNARO;in corrispondenza;;del civico n.;35;;Veicolo in marcia contro ostacolo accidentale;Rettilineo;Una carreggiata a senso unico di marcia;Asciutto;Asfaltata;Verticale ed orizzontale;Sereno;Intenso;Buona;Ore Diurne;0;0;0;2;12.53196;41.94162;-1;1;Autocarro inferiore 35 q.;In marcia / fermata / arresto;Conducente;M;Illeso;0;;Non accertato;Inesploso
2736243;4;15/03/2016 15:35;Strada Urbana;VIALE CARNARO;in corrispondenza;;del civico n.;35;;Veicolo in marcia contro ostacolo accidentale;Rettilineo;Una carreggiata a senso unico di marcia;Asciutto;Asfaltata;Verticale ed orizzontale;Sereno;Intenso;Buona;Ore Diurne;0;0;0;2;12.53196;41.94162;-1;1;Autocarro inferiore 35 q.;In marcia / fermata / arresto;Passeggero;M;Illeso;0;;Non accertato;Inesploso
2736244;20;15/03/2016 10:45;Regionale entro l'abitato;VIA CASSIA;all'intersezione semaforizzata con;VIA IGINO LEGA;VIA IGINO LEGA;;;Tamponamento;Incrocio;Una carreggiata a doppio senso;Asciutto;Asfaltata;Verticale ed orizzontale;Nuvoloso;Normale;Buona;Ore Diurne;0;0;0;2;12.41615;41.98094;-1;1;Motociclo a solo;In marcia / fermata / arresto;Conducente;M;Illeso;0;;Non accertato;
2736244;20;15/03/2016 10:45;Regionale entro l'abitato;VIA CASSIA;all'intersezione semaforizzata con;VIA IGINO LEGA;VIA IGINO LEGA;;;Tamponamento;Incrocio;Una carreggiata a doppio senso;Asciutto;Asfaltata;Verticale ed orizzontale;Nuvoloso;Normale;Buona;Ore Diurne;0;0;0;2;12.41615;41.98094;-1;2;Autovettura privata;In marcia / fermata / arresto;Conducente;F;Illeso;0;;Non accertato;Inesploso
2736255;2;15/03/2016 07:30;Strada Urbana;CIRCONVALLAZIONE SALARIA;da specificare;;;;immissione Prati fiscali direzione Tor di Quinto;Scontro laterale fra veicoli in marcia;Rettilineo;Due carreggiate;Asciutto;Asfaltata;Verticale ed orizzontale;Nuvoloso;Intenso;Buona;Ore Diurne;0;0;0;2;12.52086;41.93447;-1;1;Autovettura privata;In marcia / fermata / arresto;Conducente;F;Illeso;0;;;
2736255;2;15/03/2016 07:30;Strada Urbana;CIRCONVALLAZIONE SALARIA;da specificare;;;;immissione Prati fiscali direzione Tor di Quinto;Scontro laterale fra veicoli in marcia;Rettilineo;Due carreggiate;Asciutto;Asfaltata;Verticale ed orizzontale;Nuvoloso;Intenso;Buona;Ore Diurne;0;0;0;2;12.52086;41.93447;-1;2;Autovettura privata;In marcia / fermata / arresto;Conducente;M;Illeso;0;;;
2736273;2;15/03/2016 07:45;Strada Urbana;LARGO PIETRO VASSALLETTO;all'intersezione con;VIA FLAMINIA;VIA FLAMINIA;;;Scontro frontale/laterale DX fra veicoli in marcia;Incrocio;Una carreggiata a senso unico di marcia;Asciutto;Asfaltata;Verticale;Nuvoloso;Scarso;Buona;Ore Diurne;0;0;0;2;12.49637;41.90278;-1;1;Autovettura privata;In marcia / fermata / arresto;Conducente;M;Illeso;0;;;
2736273;2;15/03/2016 07:45;Strada Urbana;LARGO PIETRO VASSALLETTO;all'intersezione con;VIA FLAMINIA;VIA FLAMINIA;;;Scontro frontale/laterale DX fra veicoli in marcia;Incrocio;Una carreggiata a senso unico di marcia;Asciutto;Asfaltata;Verticale;Nuvoloso;Scarso;Buona;Ore Diurne;0;0;0;2;12.49637;41.90278;-1;2;Autovettura privata;In marcia / fermata / arresto;Conducente;M;Illeso;0;;;
2736281;16;15/03/2016 09:30;Strada Urbana;VIA SILVESTRI;da specificare;;;;prossimità intersezione VIA DEL FORTE DI BRAVETTA;Tamponamento;Rettilineo;Due carreggiate;Asciutto;Asfaltata;Verticale ed orizzontale;Sereno;Normale;Buona;Ore Diurne;0;0;0;2;12.4322;41.87764;-1;1;Autovettura privata;In marcia / fermata / arresto;Conducente;F;Illeso;0;;;
2736281;16;15/03/2016 09:30;Strada Urbana;VIA SILVESTRI;da specificare;;;;prossimità intersezione VIA DEL FORTE DI BRAVETTA;Tamponamento;Rettilineo;Due carreggiate;Asciutto;Asfaltata;Verticale ed orizzontale;Sereno;Normale;Buona;Ore Diurne;0;0;0;2;12.4322;41.87764;-1;2;Autovettura privata;In marcia / fermata / arresto;Conducente;M;Illeso;0;;;
2736283;4;15/03/2016 09:15;Strada Urbana;VIA STELVIO;da specificare;;;;prossimità viale Adriatico;Veicolo in marcia contro veicoli in sosta;Rettilineo;Una carreggiata a senso unico di marcia;Asciutto;Asfaltata;Verticale ed orizzontale;Nuvoloso;Normale;Buona;Ore Diurne;0;0;0;1;12.53639;41.94183;-1;1;Autovettura privata;In marcia / fermata / arresto;Conducente;M;Illeso;0;;Non accertato;
2736291;13;15/03/2016 19:05;Strada Urbana;VIA MAR DEI SARGASSI;in prossimità;;del civico n.;40;;Veicolo in marcia contro ostacolo fisso;Rettilineo;Una carreggiata a doppio senso;Asciutto;Asfaltata;Assente;Sereno;Normale;Buona;Sufficiente;0;0;0;1;12.30176;41.72804;-1;1;Autovettura privata;In marcia / fermata / arresto;Conducente;F;Illeso;0;;Non accertato;Inesploso
2736292;20;15/03/2016 18:05;Strada Urbana;VIA DEL FORO ITALICO;da specificare;;;;prossimità palo Acea 90;Veicolo in marcia contro ostacolo accidentale;Rettilineo;Due carreggiate;Asciutto;Con buche;Orizzontale;Sereno;Normale;Sufficiente;Ore Diurne;1;0;0;0;12.48375;41.93991;-1;1;Motociclo a solo;In marcia / fermata / arresto;Conducente;M;Rimandato;0;NON DECEDUTO;Non accertato;
2736297;20;16/03/2016 08:50;Strada Urbana;VIA FLAMINIA;in prossimità;;del civico n.;675;;Scontro laterale fra veicoli in marcia;Rettilineo;Una carreggiata a doppio senso;Asciutto;Asfaltata;Orizzontale;Nuvoloso;Normale;Buona;Ore Diurne;1;0;0;1;12.47358;41.94645;-1;1;Autovettura privata;In marcia / fermata / arresto;Conducente;M;Illeso;0;;Non accertato;Inesploso
2736297;20;16/03/2016 08:50;Strada Urbana;VIA FLAMINIA;in prossimità;;del civico n.;675;;Scontro laterale fra veicoli in marcia;Rettilineo;Una carreggiata a doppio senso;Asciutto;Asfaltata;Orizzontale;Nuvoloso;Normale;Buona;Ore Diurne;1;0;0;1;12.47358;41.94645;-1;2;Motociclo a solo;In marcia / fermata / arresto;Conducente;M;Rimandato;0;NON DECEDUTO;Non accertato;
2736303;4;15/03/2016 12:15;Strada Urbana;VIA CAVRIGLIA;in prossimità;;del civico n.;09-nov;;Scontro frontale/laterale SX fra veicoli in marcia;Curva a visuale libera;Una carreggiata a doppio senso;Asciutto;Asfaltata;Verticale ed orizzontale;Nuvoloso;Normale;Buona;Ore Diurne;1;0;0;1;12.51694;41.9469;-1;1;Autovettura privata;In marcia / fermata / arresto;Conducente;M;Illeso;0;;;
2736303;4;15/03/2016 12:15;Strada Urbana;VIA CAVRIGLIA;in prossimità;;del civico n.;09-nov;;Scontro frontale/laterale SX fra veicoli in marcia;Curva a visuale libera;Una carreggiata a doppio senso;Asciutto;Asfaltata;Verticale ed orizzontale;Nuvoloso;Normale;Buona;Ore Diurne;1;0;0;1;12.51694;41.9469;-1;2;Motociclo a solo;In marcia / fermata / arresto;Conducente;M;Rimandato;0;NON DECEDUTO;;
2736304;2;15/03/2016 10:00;Strada Urbana;VIA TRIPOLI;all'intersezione con;VIA TRIPOLITANIA;VIA TRIPOLITANIA;;;Scontro frontale/laterale SX fra veicoli in marcia;Intersezione stradale segnalata;Una carreggiata a doppio senso;Asciutto;Asfaltata;Verticale ed orizzontale;Sereno;Normale;Buona;Ore Diurne;1;0;0;1;12.51773;41.92872;-1;1;Motociclo a solo;In marcia / fermata / arresto;Conducente;M;Rimandato;0;NON DECEDUTO;;
2736304;2;15/03/2016 10:00;Strada Urbana;VIA TRIPOLI;all'intersezione con;VIA TRIPOLITANIA;VIA TRIPOLITANIA;;;Scontro frontale/laterale SX fra veicoli in marcia;Intersezione stradale segnalata;Una carreggiata a doppio senso;Asciutto;Asfaltata;Verticale ed orizzontale;Sereno;Normale;Buona;Ore Diurne;1;0;0;1;12.51773;41.92872;-1;2;Autovettura privata;In marcia / fermata / arresto;Conducente;M;Illeso;0;;;
2736308;1;15/03/2016 14:00;Strada Urbana;VIA DEI SS. QUATTRO;in corrispondenza;;del civico n.;92;;Veicolo in marcia contro veicolo in sosta;Rettilineo;Una carreggiata a senso unico di marcia;Asciutto;Asfaltata;Verticale ed orizzontale;Nuvoloso;Scarso;Buona;Ore Diurne;0;0;0;1;12.49722;41.88896;-1;1;Autovettura privata;In marcia / fermata / arresto;Conducente;M;Illeso;0;;Non accertato;Inesploso
2736325;4;15/03/2016 23:15;Strada Urbana;PIAZZALE JONIO;in corrispondenza;;del civico n.;53;;Scontro laterale fra veicoli in marcia;Rettilineo;Una carreggiata a senso unico di marcia;Asciutto;Asfaltata;Assente;Sereno;Scarso;Buona;Sufficiente;0;0;0;3;12.54306;41.94371;-1;1;Autovettura privata;In marcia / fermata / arresto;Conducente;M;Illeso;0;;Non accertato;
2736325;4;15/03/2016 23:15;Strada Urbana;PIAZZALE JONIO;in corrispondenza;;del civico n.;53;;Scontro laterale fra veicoli in marcia;Rettilineo;Una carreggiata a senso unico di marcia;Asciutto;Asfaltata;Assente;Sereno;Scarso;Buona;Sufficiente;0;0;0;3;12.54306;41.94371;-1;1;Autovettura privata;In marcia / fermata / arresto;Passeggero;F;Illeso;0;;Non accertato;
2736325;4;15/03/2016 23:15;Strada Urbana;PIAZZALE JONIO;in corrispondenza;;del civico n.;53;;Scontro laterale fra veicoli in marcia;Rettilineo;Una carreggiata a senso unico di marcia;Asciutto;Asfaltata;Assente;Sereno;Scarso;Buona;Sufficiente;0;0;0;3;12.54306;41.94371;-1;2;Autovettura privata;In marcia / fermata / arresto;Conducente;M;Illeso;0;;Non accertato;
2736331;13;11/03/2016 07:50;Strada Urbana;VIALE VEGA;in prossimità;;del civico n.;1;;Scontro frontale/laterale DX fra veicoli in marcia;Rettilineo;Due carreggiate;Asciutto;Asfaltata;Verticale ed orizzontale;Sereno;Normale;Buona;Ore Diurne;1;0;0;0;12.29346;41.72748;-1;1;Motociclo a solo;In marcia / fermata / arresto;Conducente;M;Rimandato;0;NON DECEDUTO;Non accertato;
2736344;3;14/03/2016 10:25;Strada Urbana;CIRCONVALLAZIONE TIBURTINA;da specificare;;;;dir. S.Giovanni alt. Dogana tratto sopraelevato;Tamponamento;Curva a visuale libera;Due carreggiate;Asciutto;Asfaltata;Verticale ed orizzontale;Sereno;Normale;Buona;Ore Diurne;1;0;0;2;12.52053;41.89701;-1;1;Autovettura privata;In marcia / fermata / arresto;Conducente;M;Illeso;0;;Non accertato;Inesploso
2736344;3;14/03/2016 10:25;Strada Urbana;CIRCONVALLAZIONE TIBURTINA;da specificare;;;;dir. S.Giovanni alt. Dogana tratto sopraelevato;Tamponamento;Curva a visuale libera;Due carreggiate;Asciutto;Asfaltata;Verticale ed orizzontale;Sereno;Normale;Buona;Ore Diurne;1;0;0;2;12.52053;41.89701;-1;2;Autovettura privata;In marcia / fermata / arresto;Conducente;M;Illeso;0;;Non accertato;
2736344;3;14/03/2016 10:25;Strada Urbana;CIRCONVALLAZIONE TIBURTINA;da specificare;;;;dir. S.Giovanni alt. Dogana tratto sopraelevato;Tamponamento;Curva a visuale libera;Due carreggiate;Asciutto;Asfaltata;Verticale ed orizzontale;Sereno;Normale;Buona;Ore Diurne;1;0;0;2;12.52053;41.89701;-1;2;Autovettura privata;In marcia / fermata / arresto;Passeggero;M;Rimandato;0;NON DECEDUTO;Non accertato;
2736348;18;15/03/2016 18:45;Strada Urbana;VIA DI TORREVECCHIA;in corrispondenza;;del civico n.;993;;Investimento di pedone;Rettilineo;Una carreggiata a doppio senso;Asciutto;Asfaltata;Verticale;Sereno;Normale;Sufficiente;Sufficiente;2;0;0;0;12.40599;41.9137;-1;;;;Pedone;F;Rimandato;0;NON DECEDUTO;;
2736348;18;15/03/2016 18:45;Strada Urbana;VIA DI TORREVECCHIA;in corrispondenza;;del civico n.;993;;Investimento di pedone;Rettilineo;Una carreggiata a doppio senso;Asciutto;Asfaltata;Verticale;Sereno;Normale;Sufficiente;Sufficiente;2;0;0;0;12.40599;41.9137;-1;1;Motociclo a solo;In marcia / fermata / arresto;Conducente;M;Rimandato;0;NON DECEDUTO;Non accertato;
2736354;9;16/03/2016 09:20;Strada Urbana;VIA GALLIA;all'intersezione con;VIA SATURNIA;VIA SATURNIA;;;Scontro frontale/laterale DX fra veicoli in marcia;Incrocio;Una carreggiata a doppio senso;Asciutto;Asfaltata;Verticale ed orizzontale;Sereno;Normale;Buona;Ore Diurne;0;0;0;3;12.50397;41.88103;-1;1;Autovettura privata;In marcia / fermata / arresto;Conducente;F;Illeso;0;;Utilizzato;Inesploso
2736354;9;16/03/2016 09:20;Strada Urbana;VIA GALLIA;all'intersezione con;VIA SATURNIA;VIA SATURNIA;;;Scontro frontale/laterale DX fra veicoli in marcia;Incrocio;Una carreggiata a doppio senso;Asciutto;Asfaltata;Verticale ed orizzontale;Sereno;Normale;Buona;Ore Diurne;0;0;0;3;12.50397;41.88103;-1;2;Autovettura privata;In marcia / fermata / arresto;Conducente;M;Illeso;0;;Utilizzato;Inesploso
2736354;9;16/03/2016 09:20;Strada Urbana;VIA GALLIA;all'intersezione con;VIA SATURNIA;VIA SATURNIA;;;Scontro frontale/laterale DX fra veicoli in marcia;Incrocio;Una carreggiata a doppio senso;Asciutto;Asfaltata;Verticale ed orizzontale;Sereno;Normale;Buona;Ore Diurne;0;0;0;3;12.50397;41.88103;-1;2;Autovettura privata;In marcia / fermata / arresto;Passeggero;F;Illeso;0;;Utilizzato;Inesploso
2736380;3;14/03/2016 14:25;Strada Urbana;PIAZZA SALERNO;da specificare;;;;fronte civ. 5;Scontro laterale fra veicoli in marcia;Curva a visuale libera;Una carreggiata a senso unico di marcia;Asciutto;Asfaltata;Verticale ed orizzontale;Nuvoloso;Intenso;Buona;Ore Diurne;0;0;0;3;12.51325;41.91065;-1;1;Motociclo a solo;In marcia / fermata / arresto;Conducente;F;Illeso;0;;Non accertato;
2736380;3;14/03/2016 14:25;Strada Urbana;PIAZZA SALERNO;da specificare;;;;fronte civ. 5;Scontro laterale fra veicoli in marcia;Curva a visuale libera;Una carreggiata a senso unico di marcia;Asciutto;Asfaltata;Verticale ed orizzontale;Nuvoloso;Intenso;Buona;Ore Diurne;0;0;0;3;12.51325;41.91065;-1;2;Autovettura pubblica;In marcia / fermata / arresto;Conducente;M;Illeso;0;;Non accertato;Inesploso
2736380;3;14/03/2016 14:25;Strada Urbana;PIAZZA SALERNO;da specificare;;;;fronte civ. 5;Scontro laterale fra veicoli in marcia;Curva a visuale libera;Una carreggiata a senso unico di marcia;Asciutto;Asfaltata;Verticale ed orizzontale;Nuvoloso;Intenso;Buona;Ore Diurne;0;0;0;3;12.51325;41.91065;-1;2;Autovettura pubblica;In marcia / fermata / arresto;Passeggero;M;Illeso;0;;Non accertato;Inesploso
2736390;16;15/03/2016 19:30;Strada Urbana;VIA DI BRAVETTA;in prossimità;;del civico n.;321;;Infortunio per sola frenata improvvisa;Rettilineo;Una carreggiata a doppio senso;Asciutto;Asfaltata;Verticale ed orizzontale;Sereno;Normale;Buona;Sufficiente;0;0;0;3;12.42685;41.87927;-1;1;Autovettura privata;In marcia / fermata / arresto;Conducente;M;Illeso;0;;;
2736390;16;15/03/2016 19:30;Strada Urbana;VIA DI BRAVETTA;in prossimità;;del civico n.;321;;Infortunio per sola frenata improvvisa;Rettilineo;Una carreggiata a doppio senso;Asciutto;Asfaltata;Verticale ed orizzontale;Sereno;Normale;Buona;Sufficiente;0;0;0;3;12.42685;41.87927;-1;1;Autovettura privata;In marcia / fermata / arresto;Passeggero;F;Illeso;0;;;
2736390;16;15/03/2016 19:30;Strada Urbana;VIA DI BRAVETTA;in prossimità;;del civico n.;321;;Infortunio per sola frenata improvvisa;Rettilineo;Una carreggiata a doppio senso;Asciutto;Asfaltata;Verticale ed orizzontale;Sereno;Normale;Buona;Sufficiente;0;0;0;3;12.42685;41.87927;-1;2;Ciclomotore;In marcia / fermata / arresto;Conducente;M;Illeso;0;;;
2736396;3;15/03/2016 07:35;Strada Urbana;VIA DELLA LEGA LOMBARDA;all'intersezione semaforizzata con;VIA ARDUINO;VIA ARDUINO;;;Tamponamento;Intersezione semaforizzata;Due carreggiate;Asciutto;Asfaltata;Verticale ed orizzontale;Nuvoloso;Normale;Buona;Ore Diurne;2;0;0;0;12.52374;41.90881;-1;1;Motociclo a solo;In marcia / fermata / arresto;Conducente;M;Rimandato;0;NON DECEDUTO;Non accertato;
2736396;3;15/03/2016 07:35;Strada Urbana;VIA DELLA LEGA LOMBARDA;all'intersezione semaforizzata con;VIA ARDUINO;VIA ARDUINO;;;Tamponamento;Intersezione semaforizzata;Due carreggiate;Asciutto;Asfaltata;Verticale ed orizzontale;Nuvoloso;Normale;Buona;Ore Diurne;2;0;0;0;12.52374;41.90881;-1;2;Motociclo a solo;In marcia / fermata / arresto;Conducente;M;Rimandato;0;NON DECEDUTO;Non accertato;
2736406;7;15/03/2016 15:30;Strada Urbana;VIA MURACCIO DI RISCHIARO;all'intersezione con;VIA DI TOR TRE TESTE;VIA DI TOR TRE TESTE;;;Tamponamento Multiplo;Incrocio;Una carreggiata a doppio senso;Asciutto;Asfaltata;Assente;Sereno;Scarso;Buona;Ore Diurne;0;0;0;6;12.60503;41.88667;-1;1;Autovettura privata;In marcia / fermata / arresto;Conducente;M;Illeso;0;;Non accertato;Inesploso
2736406;7;15/03/2016 15:30;Strada Urbana;VIA MURACCIO DI RISCHIARO;all'intersezione con;VIA DI TOR TRE TESTE;VIA DI TOR TRE TESTE;;;Tamponamento Multiplo;Incrocio;Una carreggiata a doppio senso;Asciutto;Asfaltata;Assente;Sereno;Scarso;Buona;Ore Diurne;0;0;0;6;12.60503;41.88667;-1;1;Autovettura privata;In marcia / fermata / arresto;Passeggero;F;Illeso;0;;Non accertato;Inesploso
2736406;7;15/03/2016 15:30;Strada Urbana;VIA MURACCIO DI RISCHIARO;all'intersezione con;VIA DI TOR TRE TESTE;VIA DI TOR TRE TESTE;;;Tamponamento Multiplo;Incrocio;Una carreggiata a doppio senso;Asciutto;Asfaltata;Assente;Sereno;Scarso;Buona;Ore Diurne;0;0;0;6;12.60503;41.88667;-1;1;Autovettura privata;In marcia / fermata / arresto;Passeggero;M;Illeso;0;;Non accertato;Inesploso
2736406;7;15/03/2016 15:30;Strada Urbana;VIA MURACCIO DI RISCHIARO;all'intersezione con;VIA DI TOR TRE TESTE;VIA DI TOR TRE TESTE;;;Tamponamento Multiplo;Incrocio;Una carreggiata a doppio senso;Asciutto;Asfaltata;Assente;Sereno;Scarso;Buona;Ore Diurne;0;0;0;6;12.60503;41.88667;-1;2;Autovettura privata;In marcia / fermata / arresto;Conducente;M;Illeso;0;;Non accertato;Inesploso
2736406;7;15/03/2016 15:30;Strada Urbana;VIA MURACCIO DI RISCHIARO;all'intersezione con;VIA DI TOR TRE TESTE;VIA DI TOR TRE TESTE;;;Tamponamento Multiplo;Incrocio;Una carreggiata a doppio senso;Asciutto;Asfaltata;Assente;Sereno;Scarso;Buona;Ore Diurne;0;0;0;6;12.60503;41.88667;-1;3;Autovettura privata;In marcia / fermata / arresto;Conducente;M;Illeso;0;;Non accertato;Inesploso
2736406;7;15/03/2016 15:30;Strada Urbana;VIA MURACCIO DI RISCHIARO;all'intersezione con;VIA DI TOR TRE TESTE;VIA DI TOR TRE TESTE;;;Tamponamento Multiplo;Incrocio;Una carreggiata a doppio senso;Asciutto;Asfaltata;Assente;Sereno;Scarso;Buona;Ore Diurne;0;0;0;6;12.60503;41.88667;-1;3;Autovettura privata;In marcia / fermata / arresto;Passeggero;M;Illeso;0;;Non accertato;Inesploso
2736409;3;15/03/2016 09:35;Strada Urbana;VIA DEI MARRUCINI;all'intersezione con;VIA CESARE DE LOLLIS;VIA CESARE DE LOLLIS;;;Scontro frontale/laterale DX fra veicoli in marcia;Intersezione stradale segnalata;Una carreggiata a doppio senso;Asciutto;Asfaltata;Verticale ed orizzontale;Nuvoloso;Intenso;Buona;Ore Diurne;1;0;0;1;12.51397;41.90009;-1;1;Motociclo a solo;In marcia / fermata / arresto;Conducente;M;Rimandato;0;NON DECEDUTO;Non accertato;
2736409;3;15/03/2016 09:35;Strada Urbana;VIA DEI MARRUCINI;all'intersezione con;VIA CESARE DE LOLLIS;VIA CESARE DE LOLLIS;;;Scontro frontale/laterale DX fra veicoli in marcia;Intersezione stradale segnalata;Una carreggiata a doppio senso;Asciutto;Asfaltata;Verticale ed orizzontale;Nuvoloso;Intenso;Buona;Ore Diurne;1;0;0;1;12.51397;41.90009;-1;2;Motociclo a solo;In marcia / fermata / arresto;Conducente;M;Illeso;0;;Non accertato;
2736420;5;16/03/2016 08:00;Strada Urbana;VIA DONATO MENICHELLA;in prossimità;;del civico n.;170;;Veicolo in marcia contro veicolo in sosta;Rettilineo;Una carreggiata a senso unico di marcia;Asciutto;Asfaltata;Verticale ed orizzontale;Sereno;Normale;Buona;Ore Diurne;1;0;0;0;12.58457;41.94859;-1;2;Motociclo a solo;In marcia / fermata / arresto;Conducente;M;Rimandato;0;NON DECEDUTO;Non accertato;
2736424;16;15/03/2016 20:15;Strada Urbana;VIA FONTEIANA;in prossimità;;del civico n.;72;;Scontro frontale/laterale SX fra veicoli in marcia;Pendenza;Una carreggiata a doppio senso;Asciutto;Asfaltata;Orizzontale;Sereno;Scarso;Sufficiente;Sufficiente;1;0;0;1;12.4546;41.88154;-1;1;Autovettura privata;In marcia / fermata / arresto;Conducente;F;Illeso;0;;Non accertato;Inesploso
2736424;16;15/03/2016 20:15;Strada Urbana;VIA FONTEIANA;in prossimità;;del civico n.;72;;Scontro frontale/laterale SX fra veicoli in marcia;Pendenza;Una carreggiata a doppio senso;Asciutto;Asfaltata;Orizzontale;Sereno;Scarso;Sufficiente;Sufficiente;1;0;0;1;12.4546;41.88154;-1;2;Motociclo a solo;In marcia / fermata / arresto;Conducente;F;Rimandato;0;NON DECEDUTO;Non accertato;
2736429;16;15/03/2016 14:20;Strada Urbana;VIA DEL CASALETTO;all'intersezione con;VIA ROBERTO ALESSANDRI;VIA ROBERTO ALESSANDRI;;;Tamponamento Multiplo;Intersezione stradale segnalata;Due carreggiate;Asciutto;Asfaltata;Verticale ed orizzontale;Sereno;Normale;Buona;Ore Diurne;0;0;0;3;12.43854;41.86837;-1;1;Autovettura privata;In marcia / fermata / arresto;Conducente;M;Illeso;0;;Non accertato;
2736429;16;15/03/2016 14:20;Strada Urbana;VIA DEL CASALETTO;all'intersezione con;VIA ROBERTO ALESSANDRI;VIA ROBERTO ALESSANDRI;;;Tamponamento Multiplo;Intersezione stradale segnalata;Due carreggiate;Asciutto;Asfaltata;Verticale ed orizzontale;Sereno;Normale;Buona;Ore Diurne;0;0;0;3;12.43854;41.86837;-1;2;Autovettura privata;In marcia / fermata / arresto;Conducente;M;Illeso;0;;Non accertato;
2736429;16;15/03/2016 14:20;Strada Urbana;VIA DEL CASALETTO;all'intersezione con;VIA ROBERTO ALESSANDRI;VIA ROBERTO ALESSANDRI;;;Tamponamento Multiplo;Intersezione stradale segnalata;Due carreggiate;Asciutto;Asfaltata;Verticale ed orizzontale;Sereno;Normale;Buona;Ore Diurne;0;0;0;3;12.43854;41.86837;-1;3;Autovettura privata;In marcia / fermata / arresto;Conducente;F;Illeso;0;;Non accertato;
2736438;12;15/03/2016 11:15;Strada Urbana;VIALE DEI CADUTI PER LA RESISTENZA;in prossimità;;del civico n.;95;;Tamponamento Multiplo;Curva a visuale libera;Una carreggiata a senso unico di marcia;Asciutto;Asfaltata;Verticale ed orizzontale;Sereno;Normale;Buona;Ore Diurne;0;0;0;4;12.44821;41.79249;-1;1;Autovettura privata;In marcia / fermata / arresto;Conducente;F;Illeso;0;;Non accertato;Inesploso
2736438;12;15/03/2016 11:15;Strada Urbana;VIALE DEI CADUTI PER LA RESISTENZA;in prossimità;;del civico n.;95;;Tamponamento Multiplo;Curva a visuale libera;Una carreggiata a senso unico di marcia;Asciutto;Asfaltata;Verticale ed orizzontale;Sereno;Normale;Buona;Ore Diurne;0;0;0;4;12.44821;41.79249;-1;2;Autovettura privata;In marcia / fermata / arresto;Conducente;M;Illeso;0;;Non accertato;Inesploso
2736438;12;15/03/2016 11:15;Strada Urbana;VIALE DEI CADUTI PER LA RESISTENZA;in prossimità;;del civico n.;95;;Tamponamento Multiplo;Curva a visuale libera;Una carreggiata a senso unico di marcia;Asciutto;Asfaltata;Verticale ed orizzontale;Sereno;Normale;Buona;Ore Diurne;0;0;0;4;12.44821;41.79249;-1;3;Autovettura privata;In marcia / fermata / arresto;Conducente;F;Illeso;0;;Non accertato;Inesploso