Protocollo;Gruppo;DataOraIncidente;Localizzazione1;STRADA1;Localizzazione2;STRADA2;Strada02;Chilometrica;DaSpecificare;NaturaIncidente;particolaritastrade;TipoStrada;FondoStradale;Pavimentazione;Segnaletica;CondizioneAtmosferica;Traffico;Visibilita;Illuminazione;NUM_FERITI;NUM_RISERVATA;NUM_MORTI;NUM_ILLESI;Longitudine;Latitudine;Confermato;Progressivo;TipoVeicolo;StatoVeicolo;TipoPersona;Sesso;Tipolesione;Deceduto;DecedutoDopo;CinturaCascoUtilizzato;Airbag
2740552;7;18/03/2016 20:00;Strada Urbana;VIA MOLFETTA;in prossimità;;del civico n.;27;;Investimento di pedone;Rettilineo;Una carreggiata a doppio senso;Asciutto;Asfaltata;Orizzontale;Sereno;Normale;Buona;Sufficiente;1;0;0;1;12.57714;41.89003;-1;;;;Pedone;M;Rimandato;0;NON DECEDUTO;;
2740552;7;18/03/2016 20:00;Strada Urbana;VIA MOLFETTA;in prossimità;;del civico n.;27;;Investimento di pedone;Rettilineo;Una carreggiata a doppio senso;Asciutto;Asfaltata;Orizzontale;Sereno;Normale;Buona;Sufficiente;1;0;0;1;12.57714;41.89003;-1;1;Autovettura privata;In marcia / fermata / arresto;Conducente;M;Illeso;0;;;
2740553;11;18/03/2016 16:30;Strada Urbana;VIA APPIA PIGNATELLI;da specificare;;;;altezza vicolo S. Urbano;Tamponamento Multiplo;Rettilineo;Una carreggiata a doppio senso;Asciutto;Asfaltata;Verticale ed orizzontale;Sereno;Intenso;Buona;Ore Diurne;1;0;0;2;12.52149;41.85659;-1;1;Autovettura privata;In marcia / fermata / arresto;Conducente;F;Rifiuta cure immediate;0;NON DECEDUTO;Non accertato;
2740553;11;18/03/2016 16:30;Strada Urbana;VIA APPIA PIGNATELLI;da specificare;;;;altezza vicolo S. Urbano;Tamponamento Multiplo;Rettilineo;Una carreggiata a doppio senso;Asciutto;Asfaltata;Verticale ed orizzontale;Sereno;Intenso;Buona;Ore Diurne;1;0;0;2;12.52149;41.85659;-1;2;Autovettura privata;In marcia / fermata / arresto;Conducente;M;Illeso;0;;Non accertato;
2740553;11;18/03/2016 16:30;Strada Urbana;VIA APPIA PIGNATELLI;da specificare;;;;altezza vicolo S. Urbano;Tamponamento Multiplo;Rettilineo;Una carreggiata a doppio senso;Asciutto;Asfaltata;Verticale ed orizzontale;Sereno;Intenso;Buona;Ore Diurne;1;0;0;2;12.52149;41.85659;-1;3;Autovettura privata;In marcia / fermata / arresto;Conducente;F;Illeso;0;;Non accertato;
2740559;23;12/03/2016 14:00;Strada Urbana;LUNGOTEVERE DEI FIORENTINI;all'intersezione semaforizzata con;PONTE VITTORIO EMANUELE II;PONTE VITTORIO EMANUELE II;;;Scontro laterale fra veicoli in marcia;Incrocio;Una carreggiata a senso unico di marcia;Asciutto;Asfaltata;Verticale;Sereno;Normale;Buona;Ore Diurne;0;0;0;2;12.46439;41.90032;-1;1;Autovettura privata;In marcia / fermata / arresto;Conducente;M;Illeso;0;;Non accertato;Inesploso
2740559;23;12/03/2016 14:00;Strada Urbana;LUNGOTEVERE DEI FIORENTINI;all'intersezione semaforizzata con;PONTE VITTORIO EMANUELE II;PONTE VITTORIO EMANUELE II;;;Scontro laterale fra veicoli in marcia;Incrocio;Una carreggiata a senso unico di marcia;Asciutto;Asfaltata;Verticale;Sereno;Normale;Buona;Ore Diurne;0;0;0;2;12.46439;41.90032;-1;2;Motociclo a solo;In marcia / fermata / arresto;Conducente;F;Illeso;0;;Utilizzato;
2740562;6;18/03/2016 21:30;Strada Urbana;VIA DEI BERIO;in prossimità;;del civico n.;210;;Veicolo in marcia contro veicolo in sosta;Rettilineo;Una carreggiata a senso unico di marcia;Asciutto;Asfaltata;Verticale ed orizzontale;Sereno;Scarso;Buona;Sufficiente;0;0;0;2;12.58873;41.88652;-1;1;Autovettura privata;In marcia / fermata / arresto;Conducente;M;Illeso;0;;Non accertato;Esploso
2740562;6;18/03/2016 21:30;Strada Urbana;VIA DEI BERIO;in prossimità;;del civico n.;210;;Veicolo in marcia contro veicolo in sosta;Rettilineo;Una carreggiata a senso unico di marcia;Asciutto;Asfaltata;Verticale ed orizzontale;Sereno;Scarso;Buona;Sufficiente;0;0;0;2;12.58873;41.88652;-1;1;Autovettura privata;In marcia / fermata / arresto;Passeggero;M;Illeso;0;;Non accertato;Esploso
2740577;1;16/03/2016 19:50;Strada Urbana;VIA DELL'AMBA ARADAM;in prossimità;;del civico n.;12/A;;Scontro frontale/laterale SX fra veicoli in marcia;Rettilineo;Una carreggiata a doppio senso;Asciutto;Asfaltata;Verticale ed orizzontale;Nuvoloso;Normale;Sufficiente;Sufficiente;1;0;0;1;12.50157;41.88483;-1;1;Autovettura privata;In marcia / fermata / arresto;Conducente;F;Illeso;0;;;
2740577;1;16/03/2016 19:50;Strada Urbana;VIA DELL'AMBA ARADAM;in prossimità;;del civico n.;12/A;;Scontro frontale/laterale SX fra veicoli in marcia;Rettilineo;Una carreggiata a doppio senso;Asciutto;Asfaltata;Verticale ed orizzontale;Nuvoloso;Normale;Sufficiente;Sufficiente;1;0;0;1;12.50157;41.88483;-1;2;Motociclo a solo;In marcia / fermata / arresto;Conducente;M;Rimandato;0;NON DECEDUTO;;
2740594;23;17/03/2016 15:05;Strada Urbana;PIAZZALE MARESCIALLO GIARDINO;all'intersezione semaforizzata con;LUNGOTEVERE MARESCIALLO CADORNA;LUNGOTEVERE MARESCIALLO CADORNA;;;Scontro laterale fra veicoli in marcia;Intersezione semaforizzata;Una carreggiata a senso unico di marcia;Asciutto;Asfaltata;Orizzontale;Nuvoloso;Intenso;Buona;Ore Diurne;1;0;0;1;12.45862;41.9241;-1;1;Quadriciclo leggero;In marcia / fermata / arresto;Conducente;F;Illeso;0;;Non accertato;Inesploso
2740594;23;17/03/2016 15:05;Strada Urbana;PIAZZALE MARESCIALLO GIARDINO;all'intersezione semaforizzata con;LUNGOTEVERE MARESCIALLO CADORNA;LUNGOTEVERE MARESCIALLO CADORNA;;;Scontro laterale fra veicoli in marcia;Intersezione semaforizzata;Una carreggiata a senso unico di marcia;Asciutto;Asfaltata;Orizzontale;Nuvoloso;Intenso;Buona;Ore Diurne;1;0;0;1;12.45862;41.9241;-1;2;Motociclo a solo;In marcia / fermata / arresto;Conducente;F;Rifiuta cure immediate;0;NON DECEDUTO;Utilizzato;
2740598;1;18/03/2016 13:30;Strada Urbana;VIA BIXIO;in corrispondenza;;del civico n.;55;;Investimento di pedone;Rettilineo;Una carreggiata a senso unico di marcia;Asciutto;Asfaltata;Verticale ed orizzontale;Sereno;Normale;Buona;Ore Diurne;0;0;0;2;12.5088;41.89374;-1;;;;Pedone;M;Illeso;0;;;
2740598;1;18/03/2016 13:30;Strada Urbana;VIA BIXIO;in corrispondenza;;del civico n.;55;;Investimento di pedone;Rettilineo;Una carreggiata a senso unico di marcia;Asciutto;Asfaltata;Verticale ed orizzontale;Sereno;Normale;Buona;Ore Diurne;0;0;0;2;12.5088;41.89374;-1;1;Autovettura privata;In marcia / fermata / arresto;Conducente;M;Illeso;0;;;
2740609;23;17/03/2016 22:20;Strada Urbana;VIA CRISTOFORO COLOMBO;all'intersezione semaforizzata con;VIA GIOVANNI GENOCCHI;VIA GIOVANNI GENOCCHI;;;Scontro frontale/laterale DX fra veicoli in marcia;Intersezione semaforizzata;Più di due carreggiate;Bagnato (umidità in atto);Asfaltata;Verticale ed orizzontale;Nuvoloso;Scarso;Sufficiente;Sufficiente;0;0;0;5;12.44704;41.80373;-1;1;Autovettura privata;In marcia / fermata / arresto;Conducente;M;Illeso;0;;Utilizzato;Inesploso
2740609;23;17/03/2016 22:20;Strada Urbana;VIA CRISTOFORO COLOMBO;all'intersezione semaforizzata con;VIA GIOVANNI GENOCCHI;VIA GIOVANNI GENOCCHI;;;Scontro frontale/laterale DX fra veicoli in marcia;Intersezione semaforizzata;Più di due carreggiate;Bagnato (umidità in atto);Asfaltata;Verticale ed orizzontale;Nuvoloso;Scarso;Sufficiente;Sufficiente;0;0;0;5;12.44704;41.80373;-1;1;Autovettura privata;In marcia / fermata / arresto;Passeggero;F;Illeso;0;;Non accertato;Inesploso
2740609;23;17/03/2016 22:20;Strada Urbana;VIA CRISTOFORO COLOMBO;all'intersezione semaforizzata con;VIA GIOVANNI GENOCCHI;VIA GIOVANNI GENOCCHI;;;Scontro frontale/laterale DX fra veicoli in marcia;Intersezione semaforizzata;Più di due carreggiate;Bagnato (umidità in atto);Asfaltata;Verticale ed orizzontale;Nuvoloso;Scarso;Sufficiente;Sufficiente;0;0;0;5;12.44704;41.80373;-1;1;Autovettura privata;In marcia / fermata / arresto;Passeggero;F;Illeso;0;;Non accertato;Inesploso
2740609;23;17/03/2016 22:20;Strada Urbana;VIA CRISTOFORO COLOMBO;all'intersezione semaforizzata con;VIA GIOVANNI GENOCCHI;VIA GIOVANNI GENOCCHI;;;Scontro frontale/laterale DX fra veicoli in marcia;Intersezione semaforizzata;Più di due carreggiate;Bagnato (umidità in atto);Asfaltata;Verticale ed orizzontale;Nuvoloso;Scarso;Sufficiente;Sufficiente;0;0;0;5;12.44704;41.80373;-1;1;Autovettura privata;In marcia / fermata / arresto;Passeggero;F;Illeso;0;;Non accertato;Inesploso
2740609;23;17/03/2016 22:20;Strada Urbana;VIA CRISTOFORO COLOMBO;all'intersezione semaforizzata con;VIA GIOVANNI GENOCCHI;VIA GIOVANNI GENOCCHI;;;Scontro frontale/laterale DX fra veicoli in marcia;Intersezione semaforizzata;Più di due carreggiate;Bagnato (umidità in atto);Asfaltata;Verticale ed orizzontale;Nuvoloso;Scarso;Sufficiente;Sufficiente;0;0;0;5;12.44704;41.80373;-1;2;Autovettura privata;In marcia / fermata / arresto;Conducente;M;Illeso;0;;Non accertato;Inesploso
2740620;23;18/03/2016 14:22;Strada Urbana;VIA CRISTOFORO COLOMBO;all'intersezione semaforizzata con;VIA PINDARO;VIA PINDARO;;;Scontro frontale/laterale DX fra veicoli in marcia;Intersezione semaforizzata;Più di due carreggiate;Asciutto;Asfaltata;Verticale ed orizzontale;Sereno;Normale;Buona;Ore Diurne;3;0;0;0;12.42449;41.78815;-1;1;Autovettura privata;In marcia / fermata / arresto;Conducente;F;Rimandato;0;NON DECEDUTO;Utilizzato;Esploso
2740620;23;18/03/2016 14:22;Strada Urbana;VIA CRISTOFORO COLOMBO;all'intersezione semaforizzata con;VIA PINDARO;VIA PINDARO;;;Scontro frontale/laterale DX fra veicoli in marcia;Intersezione semaforizzata;Più di due carreggiate;Asciutto;Asfaltata;Verticale ed orizzontale;Sereno;Normale;Buona;Ore Diurne;3;0;0;0;12.42449;41.78815;-1;1;Autovettura privata;In marcia / fermata / arresto;Passeggero;F;Rimandato;0;NON DECEDUTO;Utilizzato;Esploso
2740620;23;18/03/2016 14:22;Strada Urbana;VIA CRISTOFORO COLOMBO;all'intersezione semaforizzata con;VIA PINDARO;VIA PINDARO;;;Scontro frontale/laterale DX fra veicoli in marcia;Intersezione semaforizzata;Più di due carreggiate;Asciutto;Asfaltata;Verticale ed orizzontale;Sereno;Normale;Buona;Ore Diurne;3;0;0;0;12.42449;41.78815;-1;2;Autovettura privata;In marcia / fermata / arresto;Conducente;F;Rimandato;0;NON DECEDUTO;Utilizzato;Esploso
2740622;1;17/03/2016 12:05;Strada Urbana;PONTE GARIBALDI;all'intersezione semaforizzata con;PIAZZA GIUSEPPE GIOACHINO BELLI;PIAZZA GIUSEPPE GIOACHINO BELLI;;;Scontro laterale fra veicoli in marcia;Intersezione semaforizzata;Più di due carreggiate;Asciutto;Asfaltata;Verticale ed orizzontale;Nuvoloso;Normale;Buona;Ore Diurne;0;0;0;3;12.47456;41.89112;-1;1;Autocarro inferiore 35 q.;In marcia / fermata / arresto;Conducente;M;Illeso;0;;Non accertato;
2740622;1;17/03/2016 12:05;Strada Urbana;PONTE GARIBALDI;all'intersezione semaforizzata con;PIAZZA GIUSEPPE GIOACHINO BELLI;PIAZZA GIUSEPPE GIOACHINO BELLI;;;Scontro laterale fra veicoli in marcia;Intersezione semaforizzata;Più di due carreggiate;Asciutto;Asfaltata;Verticale ed orizzontale;Nuvoloso;Normale;Buona;Ore Diurne;0;0;0;3;12.47456;41.89112;-1;2;Autovettura privata;In marcia / fermata / arresto;Conducente;F;Illeso;0;;Non accertato;
2740622;1;17/03/2016 12:05;Strada Urbana;PONTE GARIBALDI;all'intersezione semaforizzata con;PIAZZA GIUSEPPE GIOACHINO BELLI;PIAZZA GIUSEPPE GIOACHINO BELLI;;;Scontro laterale fra veicoli in marcia;Intersezione semaforizzata;Più di due carreggiate;Asciutto;Asfaltata;Verticale ed orizzontale;Nuvoloso;Normale;Buona;Ore Diurne;0;0;0;3;12.47456;41.89112;-1;2;Autovettura privata;In marcia / fermata / arresto;Passeggero;M;Illeso;0;;Non accertato;
2740652;1;18/03/2016 21:15;Strada Urbana;VIA AMBROGIO CONTARINI;in corrispondenza;;del civico n.;9;;Veicolo in marcia contro veicolo in sosta;Rettilineo;Una carreggiata a senso unico di marcia;Asciutto;Asfaltata;Verticale ed orizzontale;Sereno;Scarso;Buona;Inesistente;0;0;0;1;12.4894;41.87508;-1;1;Autovettura privata;In marcia / fermata / arresto;Conducente;M;Illeso;0;;Utilizzato;Inesploso
2740669;1;18/03/2016 23:25;Strada Urbana;VIA PALERMO;all'intersezione con;VIA MILANO;VIA MILANO;;;Scontro frontale/laterale SX fra veicoli in marcia;Incrocio;Una carreggiata a senso unico di marcia;Asciutto;In cubetti di porfido;Verticale;Sereno;Normale;Sufficiente;Sufficiente;0;0;0;3;12.49231;41.89912;-1;1;Autovettura privata;In marcia / fermata / arresto;Conducente;M;Illeso;0;;Non accertato;Inesploso
2740669;1;18/03/2016 23:25;Strada Urbana;VIA PALERMO;all'intersezione con;VIA MILANO;VIA MILANO;;;Scontro frontale/laterale SX fra veicoli in marcia;Incrocio;Una carreggiata a senso unico di marcia;Asciutto;In cubetti di porfido;Verticale;Sereno;Normale;Sufficiente;Sufficiente;0;0;0;3;12.49231;41.89912;-1;2;Autovettura privata;In marcia / fermata / arresto;Conducente;M;Illeso;0;;Non accertato;Inesploso
2740669;1;18/03/2016 23:25;Strada Urbana;VIA PALERMO;all'intersezione con;VIA MILANO;VIA MILANO;;;Scontro frontale/laterale SX fra veicoli in marcia;Incrocio;Una carreggiata a senso unico di marcia;Asciutto;In cubetti di porfido;Verticale;Sereno;Normale;Sufficiente;Sufficiente;0;0;0;3;12.49231;41.89912;-1;2;Autovettura privata;In marcia / fermata / arresto;Passeggero;M;Illeso;0;;Non accertato;Inesploso
2740674;20;18/03/2016 16:50;Strada Urbana;VIA CASSIA;da specificare;;;;adiacenze PIAZZALE DI PONTE MILVIO;Scontro laterale fra veicoli in marcia;Rettilineo;Una carreggiata a senso unico di marcia;Asciutto;Asfaltata;Assente;Sereno;Intenso;Buona;Ore Diurne;0;0;0;3;12.46572;41.94148;-1;1;Autovettura privata;In marcia / fermata / arresto;Conducente;M;Illeso;0;;;
2740674;20;18/03/2016 16:50;Strada Urbana;VIA CASSIA;da specificare;;;;adiacenze PIAZZALE DI PONTE MILVIO;Scontro laterale fra veicoli in marcia;Rettilineo;Una carreggiata a senso unico di marcia;Asciutto;Asfaltata;Assente;Sereno;Intenso;Buona;Ore Diurne;0;0;0;3;12.46572;41.94148;-1;2;Autovettura privata;In marcia / fermata / arresto;Conducente;F;Illeso;0;;;
2740674;20;18/03/2016 16:50;Strada Urbana;VIA CASSIA;da specificare;;;;adiacenze PIAZZALE DI PONTE MILVIO;Scontro laterale fra veicoli in marcia;Rettilineo;Una carreggiata a senso unico di marcia;Asciutto;Asfaltata;Assente;Sereno;Intenso;Buona;Ore Diurne;0;0;0;3;12.46572;41.94148;-1;2;Autovettura privata;In marcia / fermata / arresto;Passeggero;F;Illeso;0;;;
2740697;1;18/03/2016 11:34;Strada Urbana;VIA DELLA NAVICELLA;da specificare;;;;in prossimità alber n. 58;Veicolo in marcia contro ostacolo fisso;Rettilineo;Una carreggiata a doppio senso;Asciutto;Asfaltata;Verticale ed orizzontale;Sereno;Scarso;Buona;Ore Diurne;0;0;0;1;12.49636;41.88366;-1;1;Autobus turistico;In marcia / fermata / arresto;Conducente;M;Illeso;0;;;
2740706;1;18/03/2016 13:50;Strada Urbana;VIA GIOBERTI;all'intersezione con;VIA GIOVANNI GIOLITTI;VIA GIOVANNI GIOLITTI;;;Scontro laterale fra veicoli in marcia;Incrocio;Una carreggiata a senso unico di marcia;Asciutto;Asfaltata;Verticale ed orizzontale;Nuvoloso;Normale;Buona;Ore Diurne;0;0;0;11;12.50153;41.89983;-1;1;Autobus turistico;In marcia / fermata / arresto;Conducente;M;Illeso;0;;Non accertato;Inesploso
2740706;1;18/03/2016 13:50;Strada Urbana;VIA GIOBERTI;all'intersezione con;VIA GIOVANNI GIOLITTI;VIA GIOVANNI GIOLITTI;;;Scontro laterale fra veicoli in marcia;Incrocio;Una carreggiata a senso unico di marcia;Asciutto;Asfaltata;Verticale ed orizzontale;Nuvoloso;Normale;Buona;Ore Diurne;0;0;0;11;12.50153;41.89983;-1;1;Autobus turistico;In marcia / fermata / arresto;Passeggero;M;Illeso;0;;;
2740706;1;18/03/2016 13:50;Strada Urbana;VIA GIOBERTI;all'intersezione con;VIA GIOVANNI GIOLITTI;VIA GIOVANNI GIOLITTI;;;Scontro laterale fra veicoli in marcia;Incrocio;Una carreggiata a senso unico di marcia;Asciutto;Asfaltata;Verticale ed orizzontale;Nuvoloso;Normale;Buona;Ore Diurne;0;0;0;11;12.50153;41.89983;-1;1;Autobus turistico;In marcia / fermata / arresto;Passeggero;M;Illeso;0;;;
2740706;1;18/03/2016 13:50;Strada Urbana;VIA GIOBERTI;all'intersezione con;VIA GIOVANNI GIOLITTI;VIA GIOVANNI GIOLITTI;;;Scontro laterale fra veicoli in marcia;Incrocio;Una carreggiata a senso unico di marcia;Asciutto;Asfaltata;Verticale ed orizzontale;Nuvoloso;Normale;Buona;Ore Diurne;0;0;0;11;12.50153;41.89983;-1;1;Autobus turistico;In marcia / fermata / arresto;Passeggero;M;Illeso;0;;;
2740706;1;18/03/2016 13:50;Strada Urbana;VIA GIOBERTI;all'intersezione con;VIA GIOVANNI GIOLITTI;VIA GIOVANNI GIOLITTI;;;Scontro laterale fra veicoli in marcia;Incrocio;Una carreggiata a senso unico di marcia;Asciutto;Asfaltata;Verticale ed orizzontale;Nuvoloso;Normale;Buona;Ore Diurne;0;0;0;11;12.50153;41.89983;-1;1;Autobus turistico;In marcia / fermata / arresto;Passeggero;M;Illeso;0;;;
2740706;1;18/03/2016 13:50;Strada Urbana;VIA GIOBERTI;all'intersezione con;VIA GIOVANNI GIOLITTI;VIA GIOVANNI GIOLITTI;;;Scontro laterale fra veicoli in marcia;Incrocio;Una carreggiata a senso unico di marcia;Asciutto;Asfaltata;Verticale ed orizzontale;Nuvoloso;Normale;Buona;Ore Diurne;0;0;0;11;12.50153;41.89983;-1;1;Autobus turistico;In marcia / fermata / arresto;Passeggero;M;Illeso;0;;;
2740706;1;18/03/2016 13:50;Strada Urbana;VIA GIOBERTI;all'intersezione con;VIA GIOVANNI GIOLITTI;VIA GIOVANNI GIOLITTI;;;Scontro laterale fra veicoli in marcia;Incrocio;Una carreggiata a senso unico di marcia;Asciutto;Asfaltata;Verticale ed orizzontale;Nuvoloso;Normale;Buona;Ore Diurne;0;0;0;11;12.50153;41.89983;-1;1;Autobus turistico;In marcia / fermata / arresto;Passeggero;M;Illeso;0;;;
2740706;1;18/03/2016 13:50;Strada Urbana;VIA GIOBERTI;all'intersezione con;VIA GIOVANNI GIOLITTI;VIA GIOVANNI GIOLITTI;;;Scontro laterale fra veicoli in marcia;Incrocio;Una carreggiata a senso unico di marcia;Asciutto;Asfaltata;Verticale ed orizzontale;Nuvoloso;Normale;Buona;Ore Diurne;0;0;0;11;12.50153;41.89983;-1;1;Autobus turistico;In marcia / fermata / arresto;Passeggero;M;Illeso;0;;;
2740706;1;18/03/2016 13:50;Strada Urbana;VIA GIOBERTI;all'intersezione con;VIA GIOVANNI GIOLITTI;VIA GIOVANNI GIOLITTI;;;Scontro laterale fra veicoli in marcia;Incrocio;Una carreggiata a senso unico di marcia;Asciutto;Asfaltata;Verticale ed orizzontale;Nuvoloso;Normale;Buona;Ore Diurne;0;0;0;11;12.50153;41.89983;-1;1;Autobus turistico;In marcia / fermata / arresto;Passeggero;M;Illeso;0;;;
2740706;1;18/03/2016 13:50;Strada Urbana;VIA GIOBERTI;all'intersezione con;VIA GIOVANNI GIOLITTI;VIA GIOVANNI GIOLITTI;;;Scontro laterale fra veicoli in marcia;Incrocio;Una carreggiata a senso unico di marcia;Asciutto;Asfaltata;Verticale ed orizzontale;Nuvoloso;Normale;Buona;Ore Diurne;0;0;0;11;12.50153;41.89983;-1;2;Autobus urbano;In marcia / fermata / arresto;Conducente;M;Illeso;0;;Non accertato;Inesistente
2740716;7;19/03/2016 10:15;Strada Urbana;VIALE PALMIRO TOGLIATTI;in prossimità;;del civico n.;499;;Scontro laterale fra veicoli in marcia;Rettilineo;Due carreggiate;Asciutto;Asfaltata;Orizzontale;Sereno;Normale;Buona;Ore Diurne;0;0;0;2;12.5691;41.87339;-1;1;Motociclo a solo;In marcia / fermata / arresto;Conducente;M;Illeso;0;;Non accertato;
2740716;7;19/03/2016 10:15;Strada Urbana;VIALE PALMIRO TOGLIATTI;in prossimità;;del civico n.;499;;Scontro laterale fra veicoli in marcia;Rettilineo;Due carreggiate;Asciutto;Asfaltata;Orizzontale;Sereno;Normale;Buona;Ore Diurne;0;0;0;2;12.5691;41.87339;-1;2;Autovettura privata;In marcia / fermata / arresto;Conducente;M;Illeso;0;;Non accertato;Inesploso
2740729;1;18/03/2016 10:40;Strada Urbana;PIAZZA DI S. GIOVANNI IN LATERANO;da specificare;;;;ALT. SEMAFORO PEDONALE SCALA SANTA;Investimento di pedone;Rettilineo;Una carreggiata a doppio senso;Asciutto;Asfaltata;Orizzontale;Sereno;Intenso;Buona;Ore Diurne;1;0;0;1;12.50556;41.88735;-1;;;;Pedone;F;Rimandato;0;NON DECEDUTO;;
2740729;1;18/03/2016 10:40;Strada Urbana;PIAZZA DI S. GIOVANNI IN LATERANO;da specificare;;;;ALT. SEMAFORO PEDONALE SCALA SANTA;Investimento di pedone;Rettilineo;Una carreggiata a doppio senso;Asciutto;Asfaltata;Orizzontale;Sereno;Intenso;Buona;Ore Diurne;1;0;0;1;12.50556;41.88735;-1;1;Motociclo a solo;In marcia / fermata / arresto;Conducente;M;Illeso;0;;Non accertato;
2740737;20;18/03/2016 08:45;Strada Urbana;VIA CASSIA;da specificare;;;;prox rampa per carr.ta dir. FIRENZE del G.R.A. ;Scontro laterale fra veicoli in marcia;Rettilineo;Una carreggiata a doppio senso;Asciutto;Asfaltata;Verticale ed orizzontale;Nuvoloso;Intenso;Buona;Ore Diurne;0;0;0;4;12.42443;41.97652;-1;1;Autocarro inferiore 35 q.;In marcia / fermata / arresto;Conducente;M;Illeso;0;;;
2740737;20;18/03/2016 08:45;Strada Urbana;VIA CASSIA;da specificare;;;;prox rampa per carr.ta dir. FIRENZE del G.R.A. ;Scontro laterale fra veicoli in marcia;Rettilineo;Una carreggiata a doppio senso;Asciutto;Asfaltata;Verticale ed orizzontale;Nuvoloso;Intenso;Buona;Ore Diurne;0;0;0;4;12.42443;41.97652;-1;1;Autocarro inferiore 35 q.;In marcia / fermata / arresto;Passeggero;M;Illeso;0;;;
2740737;20;18/03/2016 08:45;Strada Urbana;VIA CASSIA;da specificare;;;;prox rampa per carr.ta dir. FIRENZE del G.R.A. ;Scontro laterale fra veicoli in marcia;Rettilineo;Una carreggiata a doppio senso;Asciutto;Asfaltata;Verticale ed orizzontale;Nuvoloso;Intenso;Buona;Ore Diurne;0;0;0;4;12.42443;41.97652;-1;1;Autocarro inferiore 35 q.;In marcia / fermata / arresto;Passeggero;M;Illeso;0;;;
2740737;20;18/03/2016 08:45;Strada Urbana;VIA CASSIA;da specificare;;;;prox rampa per carr.ta dir. FIRENZE del G.R.A. ;Scontro laterale fra veicoli in marcia;Rettilineo;Una carreggiata a doppio senso;Asciutto;Asfaltata;Verticale ed orizzontale;Nuvoloso;Intenso;Buona;Ore Diurne;0;0;0;4;12.42443;41.97652;-1;2;Autovettura privata;In marcia / fermata / arresto;Conducente;M;Illeso;0;;;
2740790;20;18/03/2016 14:00;Strada Urbana;VIALE DI TOR DI QUINTO;da specificare;;;;prossimità VIA FEDERICO CAPRILLI;Scontro laterale fra veicoli in marcia;Rettilineo;Due carreggiate;Asciutto;Asfaltata;Orizzontale;Sereno;Scarso;Buona;Ore Diurne;0;0;0;4;12.48439;41.9495;-1;1;Autovettura privata;In marcia / fermata / arresto;Conducente;F;Illeso;0;;Non accertato;Inesploso
2740790;20;18/03/2016 14:00;Strada Urbana;VIALE DI TOR DI QUINTO;da specificare;;;;prossimità VIA FEDERICO CAPRILLI;Scontro laterale fra veicoli in marcia;Rettilineo;Due carreggiate;Asciutto;Asfaltata;Orizzontale;Sereno;Scarso;Buona;Ore Diurne;0;0;0;4;12.48439;41.9495;-1;2;Autovettura privata;In marcia / fermata / arresto;Conducente;F;Illeso;0;;Non accertato;Inesploso
2740790;20;18/03/2016 14:00;Strada Urbana;VIALE DI TOR DI QUINTO;da specificare;;;;prossimità VIA FEDERICO CAPRILLI;Scontro laterale fra veicoli in marcia;Rettilineo;Due carreggiate;Asciutto;Asfaltata;Orizzontale;Sereno;Scarso;Buona;Ore Diurne;0;0;0;4;12.48439;41.9495;-1;2;Autovettura privata;In marcia / fermata / arresto;Passeggero;F;Illeso;0;;Non accertato;Inesploso
2740790;20;18/03/2016 14:00;Strada Urbana;VIALE DI TOR DI QUINTO;da specificare;;;;prossimità VIA FEDERICO CAPRILLI;Scontro laterale fra veicoli in marcia;Rettilineo;Due carreggiate;Asciutto;Asfaltata;Orizzontale;Sereno;Scarso;Buona;Ore Diurne;0;0;0;4;12.48439;41.9495;-1;2;Autovettura privata;In marcia / fermata / arresto;Passeggero;F;Illeso;0;;Non accertato;Inesploso
2740870;20;19/03/2016 09:05;Strada Urbana;VIA CASSIA;all'intersezione con;VIA COLLEGIOVE;VIA COLLEGIOVE;;;Veicolo in marcia contro veicolo in sosta;Incrocio;Una carreggiata a doppio senso;Asciutto;Asfaltata;Orizzontale;Sereno;Normale;Buona;Ore Diurne;0;0;0;1;12.43531;41.97053;-1;1;Autovettura privata;In marcia / fermata / arresto;Conducente;F;Illeso;0;;Non accertato;Inesploso
2740942;6;19/03/2016 12:50;Strada Urbana;VIA PRENESTINA;da specificare;;;;fronte Via Alberto da Giussano;Tamponamento;Rettilineo;Più di due carreggiate;Asciutto;Asfaltata;Verticale ed orizzontale;Sereno;Normale;Buona;Ore Diurne;0;0;0;2;12.53419;41.89239;-1;1;Autovettura privata;In marcia / fermata / arresto;Conducente;M;Illeso;0;;Non accertato;Inesploso
2740942;6;19/03/2016 12:50;Strada Urbana;VIA PRENESTINA;da specificare;;;;fronte Via Alberto da Giussano;Tamponamento;Rettilineo;Più di due carreggiate;Asciutto;Asfaltata;Verticale ed orizzontale;Sereno;Normale;Buona;Ore Diurne;0;0;0;2;12.53419;41.89239;-1;2;Autovettura privata;In marcia / fermata / arresto;Conducente;M;Illeso;0;;Non accertato;Inesploso
2741367;12;18/03/2016 12:55;Strada Urbana;VIALE DELL'ARTE;all'intersezione con;PIAZZALE DEGLI ARCHIVI;PIAZZALE DEGLI ARCHIVI;;;Scontro laterale fra veicoli in marcia;Intersezione semaforizzata;Una carreggiata a doppio senso;Asciutto;Asfaltata;Verticale ed orizzontale;Nuvoloso;Normale;Buona;Ore Diurne;0;0;0;4;12.47442;41.82979;-1;1;Autovettura privata;In marcia / fermata / arresto;Conducente;M;Illeso;0;;Utilizzato;Inesploso