Protocollo;Gruppo;DataOraIncidente;Localizzazione1;STRADA1;Localizzazione2;STRADA2;Strada02;Chilometrica;DaSpecificare;NaturaIncidente;particolaritastrade;TipoStrada;FondoStradale;Pavimentazione;Segnaletica;CondizioneAtmosferica;Traffico;Visibilita;Illuminazione;NUM_FERITI;NUM_RISERVATA;NUM_MORTI;NUM_ILLESI;Longitudine;Latitudine;Confermato;Progressivo;TipoVeicolo;StatoVeicolo;TipoPersona;Sesso;Tipolesione;Deceduto;DecedutoDopo;CinturaCascoUtilizzato;Airbag
2741367;12;18/03/2016 12:55;Strada Urbana;VIALE DELL'ARTE;all'intersezione con;PIAZZALE DEGLI ARCHIVI;PIAZZALE DEGLI ARCHIVI;;;Scontro laterale fra veicoli in marcia;Intersezione semaforizzata;Una carreggiata a doppio senso;Asciutto;Asfaltata;Verticale ed orizzontale;Nuvoloso;Normale;Buona;Ore Diurne;0;0;0;4;12.47442;41.82979;-1;1;Autovettura privata;In marcia / fermata / arresto;Passeggero;F;Illeso;0;;Utilizzato;Inesploso
2741367;12;18/03/2016 12:55;Strada Urbana;VIALE DELL'ARTE;all'intersezione con;PIAZZALE DEGLI ARCHIVI;PIAZZALE DEGLI ARCHIVI;;;Scontro laterale fra veicoli in marcia;Intersezione semaforizzata;Una carreggiata a doppio senso;Asciutto;Asfaltata;Verticale ed orizzontale;Nuvoloso;Normale;Buona;Ore Diurne;0;0;0;4;12.47442;41.82979;-1;2;Autovettura privata;In marcia / fermata / arresto;Conducente;M;Illeso;0;;Utilizzato;Inesploso
2741367;12;18/03/2016 12:55;Strada Urbana;VIALE DELL'ARTE;all'intersezione con;PIAZZALE DEGLI ARCHIVI;PIAZZALE DEGLI ARCHIVI;;;Scontro laterale fra veicoli in marcia;Intersezione semaforizzata;Una carreggiata a doppio senso;Asciutto;Asfaltata;Verticale ed orizzontale;Nuvoloso;Normale;Buona;Ore Diurne;0;0;0;4;12.47442;41.82979;-1;2;Autovettura privata;In marcia / fermata / arresto;Passeggero;F;Illeso;0;;Utilizzato;Inesploso
2741434;12;19/03/2016 11:20;Strada Urbana;VIALE DELLA GRANDE MURAGLIA;all'intersezione con;VIALE DELL'OCEANO PACIFICO;VIALE DELL'OCEANO PACIFICO;;;Tamponamento;Intersezione semaforizzata;Una carreggiata a senso unico di marcia;Asciutto;Asfaltata;Verticale ed orizzontale;Sereno;Normale;Buona;Ore Diurne;0;0;0;2;12.45655;41.82419;-1;1;Autoveicolo trasp.promisc.;In marcia / fermata / arresto;Conducente;F;Illeso;0;;Utilizzato;Inesploso
2741434;12;19/03/2016 11:20;Strada Urbana;VIALE DELLA GRANDE MURAGLIA;all'intersezione con;VIALE DELL'OCEANO PACIFICO;VIALE DELL'OCEANO PACIFICO;;;Tamponamento;Intersezione semaforizzata;Una carreggiata a senso unico di marcia;Asciutto;Asfaltata;Verticale ed orizzontale;Sereno;Normale;Buona;Ore Diurne;0;0;0;2;12.45655;41.82419;-1;2;Autovettura privata;In marcia / fermata / arresto;Conducente;F;Illeso;0;;Utilizzato;Inesploso
2741452;12;17/03/2016 17:20;Strada Urbana;VIA DI CASTEL DI LEVA;all'intersezione con;VIA DI TOR CHIESACCIA;VIA DI TOR CHIESACCIA;;;Scontro frontale/laterale SX fra veicoli in marcia;Intersezione stradale segnalata;Due carreggiate;Asciutto;Asfaltata;Verticale ed orizzontale;Nuvoloso;Scarso;Buona;Sufficiente;0;0;0;2;12.5162;41.78818;-1;1;Autovettura privata;In marcia / fermata / arresto;Conducente;M;Illeso;0;;Utilizzato;Inesploso
2741452;12;17/03/2016 17:20;Strada Urbana;VIA DI CASTEL DI LEVA;all'intersezione con;VIA DI TOR CHIESACCIA;VIA DI TOR CHIESACCIA;;;Scontro frontale/laterale SX fra veicoli in marcia;Intersezione stradale segnalata;Due carreggiate;Asciutto;Asfaltata;Verticale ed orizzontale;Nuvoloso;Scarso;Buona;Sufficiente;0;0;0;2;12.5162;41.78818;-1;2;Veicolo a braccia;In marcia / fermata / arresto;Conducente;M;Illeso;0;;Esente;
2741531;6;19/03/2016 21:30;Strada Urbana;VIA CASILINA;all'intersezione con;CIRCONVALLAZIONE CASILINA;CIRCONVALLAZIONE CASILINA;;;Scontro laterale fra veicoli in marcia;Incrocio;Una carreggiata a senso unico di marcia;Asciutto;Asfaltata;Verticale ed orizzontale;Sereno;Normale;Buona;Sufficiente;1;0;0;1;12.52753;41.88648;-1;1;Autovettura privata;In marcia / fermata / arresto;Conducente;F;Illeso;0;;;
2741531;6;19/03/2016 21:30;Strada Urbana;VIA CASILINA;all'intersezione con;CIRCONVALLAZIONE CASILINA;CIRCONVALLAZIONE CASILINA;;;Scontro laterale fra veicoli in marcia;Incrocio;Una carreggiata a senso unico di marcia;Asciutto;Asfaltata;Verticale ed orizzontale;Sereno;Normale;Buona;Sufficiente;1;0;0;1;12.52753;41.88648;-1;2;Motociclo con passeggero;In marcia / fermata / arresto;Conducente;M;Rimandato;0;NON DECEDUTO;;
2741540;6;19/03/2016 20:20;Strada Urbana;VIA PRENESTINA;all'intersezione semaforizzata con;LARGO PRENESTE;LARGO PRENESTE;;;Investimento di pedone;Intersezione semaforizzata;Più di due carreggiate;Asciutto;Asfaltata;Verticale ed orizzontale;Sereno;Scarso;Buona;Sufficiente;2;0;0;0;12.54194;41.89265;-1;;;;Pedone;F;Rimandato;0;NON DECEDUTO;;
2741540;6;19/03/2016 20:20;Strada Urbana;VIA PRENESTINA;all'intersezione semaforizzata con;LARGO PRENESTE;LARGO PRENESTE;;;Investimento di pedone;Intersezione semaforizzata;Più di due carreggiate;Asciutto;Asfaltata;Verticale ed orizzontale;Sereno;Scarso;Buona;Sufficiente;2;0;0;0;12.54194;41.89265;-1;1;Motociclo con passeggero;In marcia / fermata / arresto;Conducente;M;Rifiuta cure immediate;0;NON DECEDUTO;;
2741640;15;19/03/2016 23:00;Comunale extraurbana;VIA LITORANEA;da specificare;;;;SP601 ALTEZZA PALLO TELECOM 19;Scontro laterale fra veicoli in marcia;Curva a visuale libera;Una carreggiata a doppio senso;Asciutto;Asfaltata;Orizzontale;Sereno;Scarso;Insufficiente;Inesistente;2;0;1;0;12.37354;41.68762;-1;1;Autovettura privata;In marcia / fermata / arresto;Conducente;M;Deceduto sul posto;-1;;Non accertato;
2741640;15;19/03/2016 23:00;Comunale extraurbana;VIA LITORANEA;da specificare;;;;SP601 ALTEZZA PALLO TELECOM 19;Scontro laterale fra veicoli in marcia;Curva a visuale libera;Una carreggiata a doppio senso;Asciutto;Asfaltata;Orizzontale;Sereno;Scarso;Insufficiente;Inesistente;2;0;1;0;12.37354;41.68762;-1;2;Autovettura privata;In marcia / fermata / arresto;Conducente;M;Rimandato;0;NON DECEDUTO;Non accertato;Esploso
2741640;15;19/03/2016 23:00;Comunale extraurbana;VIA LITORANEA;da specificare;;;;SP601 ALTEZZA PALLO TELECOM 19;Scontro laterale fra veicoli in marcia;Curva a visuale libera;Una carreggiata a doppio senso;Asciutto;Asfaltata;Orizzontale;Sereno;Scarso;Insufficiente;Inesistente;2;0;1;0;12.37354;41.68762;-1;2;Autovettura privata;In marcia / fermata / arresto;Passeggero;F;Rimandato;0;NON DECEDUTO;Non accertato;Esploso
2741695;9;20/03/2016 09:30;Strada Urbana;VIA ETRURIA;in corrispondenza;;del civico n.;85;;Investimento di pedone;Rettilineo;Una carreggiata a senso unico di marcia;Asciutto;Asfaltata;Orizzontale;Sereno;Normale;Buona;Ore Diurne;0;0;0;2;12.50853;41.88005;-1;;;;Pedone;F;Illeso;0;;;
2741695;9;20/03/2016 09:30;Strada Urbana;VIA ETRURIA;in corrispondenza;;del civico n.;85;;Investimento di pedone;Rettilineo;Una carreggiata a senso unico di marcia;Asciutto;Asfaltata;Orizzontale;Sereno;Normale;Buona;Ore Diurne;0;0;0;2;12.50853;41.88005;-1;1;Autovettura privata;In marcia / fermata / arresto;Conducente;F;Illeso;0;;Non accertato;Inesploso
2741896;2;20/03/2016 12:20;Strada Urbana;LUNGOTEVERE ARNALDO DA BRESCIA;all'intersezione semaforizzata con;VIA DEGLI SCIALOJA;VIA DEGLI SCIALOJA;;;Ribaltamento senza urto contro ostacolo fisso;Intersezione semaforizzata;Una carreggiata a senso unico di marcia;Asciutto;Asfaltata;Verticale ed orizzontale;Sereno;Scarso;Buona;Ore Diurne;0;0;0;2;12.47237;41.91304;-1;2;Motociclo con passeggero;In marcia / fermata / arresto;Conducente;F;Illeso;0;;;
2741896;2;20/03/2016 12:20;Strada Urbana;LUNGOTEVERE ARNALDO DA BRESCIA;all'intersezione semaforizzata con;VIA DEGLI SCIALOJA;VIA DEGLI SCIALOJA;;;Ribaltamento senza urto contro ostacolo fisso;Intersezione semaforizzata;Una carreggiata a senso unico di marcia;Asciutto;Asfaltata;Verticale ed orizzontale;Sereno;Scarso;Buona;Ore Diurne;0;0;0;2;12.47237;41.91304;-1;2;Motociclo con passeggero;In marcia / fermata / arresto;Passeggero;F;Illeso;0;;;
2742012;2;20/03/2016 16:30;Strada Urbana;LUNGOTEVERE DELLE NAVI;all'intersezione con;VIA DOMENICO ALBERTO AZUNI;VIA DOMENICO ALBERTO AZUNI;;;Scontro laterale fra veicoli in marcia;Intersezione semaforizzata;Una carreggiata a senso unico di marcia;Asciutto;Asfaltata;Verticale ed orizzontale;Nuvoloso;Scarso;Buona;Ore Diurne;0;0;0;5;12.47166;41.91702;-1;1;Autovettura privata;In marcia / fermata / arresto;Conducente;M;Illeso;0;;;
2742012;2;20/03/2016 16:30;Strada Urbana;LUNGOTEVERE DELLE NAVI;all'intersezione con;VIA DOMENICO ALBERTO AZUNI;VIA DOMENICO ALBERTO AZUNI;;;Scontro laterale fra veicoli in marcia;Intersezione semaforizzata;Una carreggiata a senso unico di marcia;Asciutto;Asfaltata;Verticale ed orizzontale;Nuvoloso;Scarso;Buona;Ore Diurne;0;0;0;5;12.47166;41.91702;-1;1;Autovettura privata;In marcia / fermata / arresto;Passeggero;F;Illeso;0;;;
2742012;2;20/03/2016 16:30;Strada Urbana;LUNGOTEVERE DELLE NAVI;all'intersezione con;VIA DOMENICO ALBERTO AZUNI;VIA DOMENICO ALBERTO AZUNI;;;Scontro laterale fra veicoli in marcia;Intersezione semaforizzata;Una carreggiata a senso unico di marcia;Asciutto;Asfaltata;Verticale ed orizzontale;Nuvoloso;Scarso;Buona;Ore Diurne;0;0;0;5;12.47166;41.91702;-1;1;Autovettura privata;In marcia / fermata / arresto;Passeggero;M;Illeso;0;;;
2742012;2;20/03/2016 16:30;Strada Urbana;LUNGOTEVERE DELLE NAVI;all'intersezione con;VIA DOMENICO ALBERTO AZUNI;VIA DOMENICO ALBERTO AZUNI;;;Scontro laterale fra veicoli in marcia;Intersezione semaforizzata;Una carreggiata a senso unico di marcia;Asciutto;Asfaltata;Verticale ed orizzontale;Nuvoloso;Scarso;Buona;Ore Diurne;0;0;0;5;12.47166;41.91702;-1;1;Autovettura privata;In marcia / fermata / arresto;Passeggero;M;Illeso;0;;;
2742012;2;20/03/2016 16:30;Strada Urbana;LUNGOTEVERE DELLE NAVI;all'intersezione con;VIA DOMENICO ALBERTO AZUNI;VIA DOMENICO ALBERTO AZUNI;;;Scontro laterale fra veicoli in marcia;Intersezione semaforizzata;Una carreggiata a senso unico di marcia;Asciutto;Asfaltata;Verticale ed orizzontale;Nuvoloso;Scarso;Buona;Ore Diurne;0;0;0;5;12.47166;41.91702;-1;2;Autovettura privata;In marcia / fermata / arresto;Conducente;M;Illeso;0;;;
2742032;19;18/03/2016 10:15;Strada Urbana;VIA DEI MONTI DI PRIMAVALLE;all'intersezione con;VIA FRANCESCO MARIA TORRIGIO;VIA FRANCESCO MARIA TORRIGIO;;;Scontro frontale/laterale DX fra veicoli in marcia;Incrocio;Una carreggiata a doppio senso;Asciutto;Asfaltata;Assente;Nuvoloso;Normale;Buona;Ore Diurne;1;0;0;1;12.41383;41.91311;-1;1;Autovettura privata;In marcia / fermata / arresto;Conducente;F;Rifiuta cure immediate;0;NON DECEDUTO;Non accertato;Inesploso
2742032;19;18/03/2016 10:15;Strada Urbana;VIA DEI MONTI DI PRIMAVALLE;all'intersezione con;VIA FRANCESCO MARIA TORRIGIO;VIA FRANCESCO MARIA TORRIGIO;;;Scontro frontale/laterale DX fra veicoli in marcia;Incrocio;Una carreggiata a doppio senso;Asciutto;Asfaltata;Assente;Nuvoloso;Normale;Buona;Ore Diurne;1;0;0;1;12.41383;41.91311;-1;2;Autocarro inferiore 35 q.;In marcia / fermata / arresto;Conducente;M;Illeso;0;;Non accertato;Inesploso
2742045;19;18/03/2016 04:10;Strada Urbana;VIA DEL FORO ITALICO;da specificare;;;;in prossimità di VIA DELLE MOSCHEE;Scontro laterale fra veicoli in marcia;Rettilineo;Due carreggiate;Bagnato (pioggia);Asfaltata;Verticale ed orizzontale;Pioggia in atto;Scarso;Sufficiente;Sufficiente;1;0;0;1;12.48278;41.94005;-1;1;Autovettura privata;In marcia / fermata / arresto;Conducente;M;Illeso;0;;Non accertato;Inesploso
2742045;19;18/03/2016 04:10;Strada Urbana;VIA DEL FORO ITALICO;da specificare;;;;in prossimità di VIA DELLE MOSCHEE;Scontro laterale fra veicoli in marcia;Rettilineo;Due carreggiate;Bagnato (pioggia);Asfaltata;Verticale ed orizzontale;Pioggia in atto;Scarso;Sufficiente;Sufficiente;1;0;0;1;12.48278;41.94005;-1;2;Ciclomotore;In marcia / fermata / arresto;Conducente;M;Rimandato;0;NON DECEDUTO;Non accertato;
2742048;6;20/03/2016 18:25;Strada Urbana;VIA ROBERTO MALATESTA;in corrispondenza;;del civico n.;294;;Veicolo in marcia contro veicolo in sosta;Rettilineo;Due carreggiate;Asciutto;Asfaltata;Orizzontale;Sereno;Normale;Sufficiente;Sufficiente;0;0;0;1;12.54128;41.88721;-1;1;Autovettura privata;In marcia / fermata / arresto;Conducente;M;Illeso;0;;Non accertato;Inesploso
2742055;19;18/03/2016 14:00;Strada Urbana;GALLERIA GIOVANNI XXIII;in corrispondenza;;della chilometrica;1.45;;Fuoriuscita dalla sede stradale;Galleria illuminata;Una carreggiata a senso unico di marcia;Asciutto;Asfaltata;Verticale ed orizzontale;Sereno;Normale;Buona;Ore Diurne;1;0;0;0;12.44177;41.94068;-1;1;Motociclo a solo;In marcia / fermata / arresto;Conducente;M;Rifiuta cure immediate;0;NON DECEDUTO;Utilizzato;
2742075;20;19/03/2016 18:30;Statale entro l'abitato;VIA CASSIA;in prossimità;;del civico n.;1171;;Scontro laterale fra veicoli in marcia;Rettilineo;Una carreggiata a doppio senso;Asciutto;Asfaltata;Verticale ed orizzontale;Sereno;Normale;Buona;Sufficiente;0;0;0;2;12.41717;41.98004;-1;1;Autovettura privata;In marcia / fermata / arresto;Conducente;M;Illeso;0;;Non accertato;Inesploso
2742075;20;19/03/2016 18:30;Statale entro l'abitato;VIA CASSIA;in prossimità;;del civico n.;1171;;Scontro laterale fra veicoli in marcia;Rettilineo;Una carreggiata a doppio senso;Asciutto;Asfaltata;Verticale ed orizzontale;Sereno;Normale;Buona;Sufficiente;0;0;0;2;12.41717;41.98004;-1;2;Autovettura privata;In marcia / fermata / arresto;Conducente;M;Illeso;0;;Non accertato;
2742092;20;19/03/2016 19:00;Regionale;VIA FLAMINIA;da specificare;;;;INNESTO VIA DI VALLE VESCOVO;Tamponamento Multiplo;Rettilineo;Due carreggiate;Asciutto;Asfaltata;Verticale ed orizzontale;Sereno;Normale;Buona;Sufficiente;0;0;0;5;12.48711;41.9603;-1;1;Autovettura privata;In marcia / fermata / arresto;Conducente;M;Illeso;0;;Non accertato;
2742092;20;19/03/2016 19:00;Regionale;VIA FLAMINIA;da specificare;;;;INNESTO VIA DI VALLE VESCOVO;Tamponamento Multiplo;Rettilineo;Due carreggiate;Asciutto;Asfaltata;Verticale ed orizzontale;Sereno;Normale;Buona;Sufficiente;0;0;0;5;12.48711;41.9603;-1;1;Autovettura privata;In marcia / fermata / arresto;Passeggero;F;Illeso;0;;Non accertato;Inesploso
2742092;20;19/03/2016 19:00;Regionale;VIA FLAMINIA;da specificare;;;;INNESTO VIA DI VALLE VESCOVO;Tamponamento Multiplo;Rettilineo;Due carreggiate;Asciutto;Asfaltata;Verticale ed orizzontale;Sereno;Normale;Buona;Sufficiente;0;0;0;5;12.48711;41.9603;-1;2;Autovettura privata;In marcia / fermata / arresto;Conducente;M;Illeso;0;;Non accertato;
2742092;20;19/03/2016 19:00;Regionale;VIA FLAMINIA;da specificare;;;;INNESTO VIA DI VALLE VESCOVO;Tamponamento Multiplo;Rettilineo;Due carreggiate;Asciutto;Asfaltata;Verticale ed orizzontale;Sereno;Normale;Buona;Sufficiente;0;0;0;5;12.48711;41.9603;-1;3;Autovettura privata;In marcia / fermata / arresto;Conducente;M;Illeso;0;;;
2742092;20;19/03/2016 19:00;Regionale;VIA FLAMINIA;da specificare;;;;INNESTO VIA DI VALLE VESCOVO;Tamponamento Multiplo;Rettilineo;Due carreggiate;Asciutto;Asfaltata;Verticale ed orizzontale;Sereno;Normale;Buona;Sufficiente;0;0;0;5;12.48711;41.9603;-1;3;Autovettura privata;In marcia / fermata / arresto;Passeggero;M;Illeso;0;;;
2742165;13;18/03/2016 17:15;Strada Urbana;VIA DI ACILIA;in corrispondenza;;del civico n.;20a;;Tamponamento;Rettilineo;Una carreggiata a doppio senso;Asciutto;Asfaltata;Orizzontale;Sereno;Intenso;Buona;Ore Diurne;1;0;0;1;12.36477;41.78372;-1;1;Autovettura privata;In marcia / fermata / arresto;Conducente;M;Rimandato;0;NON DECEDUTO;Non accertato;Inesploso
2742165;13;18/03/2016 17:15;Strada Urbana;VIA DI ACILIA;in corrispondenza;;del civico n.;20a;;Tamponamento;Rettilineo;Una carreggiata a doppio senso;Asciutto;Asfaltata;Orizzontale;Sereno;Intenso;Buona;Ore Diurne;1;0;0;1;12.36477;41.78372;-1;2;Autovettura privata;In marcia / fermata / arresto;Conducente;M;Illeso;0;;Non accertato;Inesploso
2742169;13;18/03/2016 16:50;Strada Urbana;VIA DI CASTEL FUSANO;all'intersezione con;VIA AGOSTINO CHIGI;VIA AGOSTINO CHIGI;;;Scontro frontale fra veicoli in marcia;Incrocio;Una carreggiata a doppio senso;Asciutto;Asfaltata;Verticale ed orizzontale;Sereno;Intenso;Buona;Ore Diurne;2;0;0;1;12.31188;41.74604;-1;1;Autovettura privata;In marcia / fermata / arresto;Conducente;F;Rimandato;0;NON DECEDUTO;Non accertato;Inesploso
2742169;13;18/03/2016 16:50;Strada Urbana;VIA DI CASTEL FUSANO;all'intersezione con;VIA AGOSTINO CHIGI;VIA AGOSTINO CHIGI;;;Scontro frontale fra veicoli in marcia;Incrocio;Una carreggiata a doppio senso;Asciutto;Asfaltata;Verticale ed orizzontale;Sereno;Intenso;Buona;Ore Diurne;2;0;0;1;12.31188;41.74604;-1;1;Autovettura privata;In marcia / fermata / arresto;Passeggero;M;Rimandato;0;NON DECEDUTO;Non accertato;Inesploso
2742169;13;18/03/2016 16:50;Strada Urbana;VIA DI CASTEL FUSANO;all'intersezione con;VIA AGOSTINO CHIGI;VIA AGOSTINO CHIGI;;;Scontro frontale fra veicoli in marcia;Incrocio;Una carreggiata a doppio senso;Asciutto;Asfaltata;Verticale ed orizzontale;Sereno;Intenso;Buona;Ore Diurne;2;0;0;1;12.31188;41.74604;-1;2;Autovettura privata;In marcia / fermata / arresto;Conducente;M;Illeso;0;;Non accertato;Inesploso
2742174;13;19/03/2016 09:00;Strada Urbana;VIALE DEI PROMONTORI;all'intersezione con;VIALE GIUSEPPE GENOESE ZERBI;VIALE GIUSEPPE GENOESE ZERBI;;;Scontro frontale/laterale DX fra veicoli in marcia;Incrocio;Due carreggiate;Asciutto;Asfaltata;Verticale ed orizzontale;Sereno;Normale;Buona;Ore Diurne;1;0;0;3;12.29343;41.73694;-1;1;Autovettura privata;In marcia / fermata / arresto;Conducente;F;Rimandato;0;NON DECEDUTO;Non accertato;Inesploso
2742174;13;19/03/2016 09:00;Strada Urbana;VIALE DEI PROMONTORI;all'intersezione con;VIALE GIUSEPPE GENOESE ZERBI;VIALE GIUSEPPE GENOESE ZERBI;;;Scontro frontale/laterale DX fra veicoli in marcia;Incrocio;Due carreggiate;Asciutto;Asfaltata;Verticale ed orizzontale;Sereno;Normale;Buona;Ore Diurne;1;0;0;3;12.29343;41.73694;-1;2;Autovettura privata;In marcia / fermata / arresto;Conducente;M;Illeso;0;;Non accertato;Inesploso
2742174;13;19/03/2016 09:00;Strada Urbana;VIALE DEI PROMONTORI;all'intersezione con;VIALE GIUSEPPE GENOESE ZERBI;VIALE GIUSEPPE GENOESE ZERBI;;;Scontro frontale/laterale DX fra veicoli in marcia;Incrocio;Due carreggiate;Asciutto;Asfaltata;Verticale ed orizzontale;Sereno;Normale;Buona;Ore Diurne;1;0;0;3;12.29343;41.73694;-1;2;Autovettura privata;In marcia / fermata / arresto;Passeggero;F;Illeso;0;;Non accertato;Inesploso
2742174;13;19/03/2016 09:00;Strada Urbana;VIALE DEI PROMONTORI;all'intersezione con;VIALE GIUSEPPE GENOESE ZERBI;VIALE GIUSEPPE GENOESE ZERBI;;;Scontro frontale/laterale DX fra veicoli in marcia;Incrocio;Due carreggiate;Asciutto;Asfaltata;Verticale ed orizzontale;Sereno;Normale;Buona;Ore Diurne;1;0;0;3;12.29343;41.73694;-1;2;Autovettura privata;In marcia / fermata / arresto;Passeggero;F;Illeso;0;;Non accertato;Inesploso
2742177;13;19/03/2016 10:15;Strada Urbana;VIALE AMMIRAGLIO DEL BONO;in corrispondenza;;del civico n.;6;;Tamponamento;Rettilineo;Due carreggiate;Asciutto;Asfaltata;Assente;Sereno;Intenso;Buona;Ore Diurne;0;0;0;2;12.28511;41.73629;-1;1;Autovettura privata;In marcia / fermata / arresto;Conducente;M;Illeso;0;;Non accertato;Inesploso
2742177;13;19/03/2016 10:15;Strada Urbana;VIALE AMMIRAGLIO DEL BONO;in corrispondenza;;del civico n.;6;;Tamponamento;Rettilineo;Due carreggiate;Asciutto;Asfaltata;Assente;Sereno;Intenso;Buona;Ore Diurne;0;0;0;2;12.28511;41.73629;-1;2;Autovettura privata;In marcia / fermata / arresto;Conducente;F;Illeso;0;;Non accertato;Inesploso
2742179;13;18/03/2016 08:00;Strada Urbana;VIA MARIO BIANCO;in corrispondenza;;del palo luce n.;6;;Veicolo in marcia contro ostacolo fisso;Rettilineo;Una carreggiata a doppio senso;Bagnato (umidità in atto);Asfaltata;Verticale;Nuvoloso;Intenso;Buona;Ore Diurne;1;0;1;0;12.29357;41.72864;-1;1;Autovettura privata;In marcia / fermata / arresto;Conducente;M;Deceduto durante prime cure;-1;;;
2742179;13;18/03/2016 08:00;Strada Urbana;VIA MARIO BIANCO;in corrispondenza;;del palo luce n.;6;;Veicolo in marcia contro ostacolo fisso;Rettilineo;Una carreggiata a doppio senso;Bagnato (umidità in atto);Asfaltata;Verticale;Nuvoloso;Intenso;Buona;Ore Diurne;1;0;1;0;12.29357;41.72864;-1;1;Autovettura privata;In marcia / fermata / arresto;Passeggero;F;Rimandato;0;NON DECEDUTO;;
2742187;13;18/03/2016 07:00;Strada Urbana;VIA GIULIO BERTONI;all'intersezione con;VIALE DI CASTEL PORZIANO;VIALE DI CASTEL PORZIANO;;;Scontro frontale/laterale SX fra veicoli in marcia;Incrocio;Una carreggiata a doppio senso;Bagnato (pioggia);Asfaltata;Verticale ed orizzontale;Nuvoloso;Normale;Buona;Ore Diurne;0;0;0;3;12.35066;41.73562;-1;1;Autovettura privata;In marcia / fermata / arresto;Conducente;F;Illeso;0;;Non accertato;Inesploso
2742187;13;18/03/2016 07:00;Strada Urbana;VIA GIULIO BERTONI;all'intersezione con;VIALE DI CASTEL PORZIANO;VIALE DI CASTEL PORZIANO;;;Scontro frontale/laterale SX fra veicoli in marcia;Incrocio;Una carreggiata a doppio senso;Bagnato (pioggia);Asfaltata;Verticale ed orizzontale;Nuvoloso;Normale;Buona;Ore Diurne;0;0;0;3;12.35066;41.73562;-1;2;Autovettura privata;In marcia / fermata / arresto;Conducente;F;Illeso;0;;Non accertato;Inesploso
2742187;13;18/03/2016 07:00;Strada Urbana;VIA GIULIO BERTONI;all'intersezione con;VIALE DI CASTEL PORZIANO;VIALE DI CASTEL PORZIANO;;;Scontro frontale/laterale SX fra veicoli in marcia;Incrocio;Una carreggiata a doppio senso;Bagnato (pioggia);Asfaltata;Verticale ed orizzontale;Nuvoloso;Normale;Buona;Ore Diurne;0;0;0;3;12.35066;41.73562;-1;2;Autovettura privata;In marcia / fermata / arresto;Passeggero;F;Illeso;0;;Non accertato;Inesploso
2742190;13;18/03/2016 13:00;Strada Urbana;VIA ANTERIVO;da specificare;;;;IN PROX CIV. 11/12/13;Veicolo in marcia contro ostacolo accidentale;Rettilineo;Una carreggiata a doppio senso;Bagnato (pioggia);Sterrata;Assente;Sereno;Scarso;Buona;Ore Diurne;0;0;0;1;12.37579;41.72843;-1;1;Autocarro inferiore 35 q.;In marcia / fermata / arresto;Conducente;M;Illeso;0;;Non accertato;Inesploso
2742191;13;20/03/2016 12:00;Strada Urbana;VIA OSTIENSE;in prossimità;;del civico n.;1691;;Scontro frontale fra veicoli in marcia;Rettilineo;Una carreggiata a doppio senso;Asciutto;Asfaltata;Verticale ed orizzontale;Sereno;Normale;Buona;Ore Diurne;2;0;1;0;12.37343;41.78794;-1;1;Autovettura privata;In marcia / fermata / arresto;Conducente;M;Deceduto sul posto;-1;;Non accertato;Inesploso
2742191;13;20/03/2016 12:00;Strada Urbana;VIA OSTIENSE;in prossimità;;del civico n.;1691;;Scontro frontale fra veicoli in marcia;Rettilineo;Una carreggiata a doppio senso;Asciutto;Asfaltata;Verticale ed orizzontale;Sereno;Normale;Buona;Ore Diurne;2;0;1;0;12.37343;41.78794;-1;2;Autovettura privata;In marcia / fermata / arresto;Conducente;M;Rimandato;0;NON DECEDUTO;Non accertato;Inesploso
2742191;13;20/03/2016 12:00;Strada Urbana;VIA OSTIENSE;in prossimità;;del civico n.;1691;;Scontro frontale fra veicoli in marcia;Rettilineo;Una carreggiata a doppio senso;Asciutto;Asfaltata;Verticale ed orizzontale;Sereno;Normale;Buona;Ore Diurne;2;0;1;0;12.37343;41.78794;-1;2;Autovettura privata;In marcia / fermata / arresto;Passeggero;F;Ricoverato;0;NON DECEDUTO;Non accertato;Inesploso
2742194;15;19/03/2016 18:30;Strada Urbana;VIA DELLA MAGLIANA;in corrispondenza;;del civico n.;222;;Scontro frontale/laterale DX fra veicoli in marcia;Rettilineo;Una carreggiata a doppio senso;Asciutto;Asfaltata;Orizzontale;Sereno;Intenso;Sufficiente;Sufficiente;0;0;0;3;12.45794;41.84867;-1;1;Autovettura privata;In marcia / fermata / arresto;Conducente;F;Illeso;0;;;
2742194;15;19/03/2016 18:30;Strada Urbana;VIA DELLA MAGLIANA;in corrispondenza;;del civico n.;222;;Scontro frontale/laterale DX fra veicoli in marcia;Rettilineo;Una carreggiata a doppio senso;Asciutto;Asfaltata;Orizzontale;Sereno;Intenso;Sufficiente;Sufficiente;0;0;0;3;12.45794;41.84867;-1;2;Autovettura privata;In marcia / fermata / arresto;Conducente;M;Illeso;0;;;
2742194;15;19/03/2016 18:30;Strada Urbana;VIA DELLA MAGLIANA;in corrispondenza;;del civico n.;222;;Scontro frontale/laterale DX fra veicoli in marcia;Rettilineo;Una carreggiata a doppio senso;Asciutto;Asfaltata;Orizzontale;Sereno;Intenso;Sufficiente;Sufficiente;0;0;0;3;12.45794;41.84867;-1;2;Autovettura privata;In marcia / fermata / arresto;Passeggero;M;Illeso;0;;;
2742196;15;20/03/2016 12:30;Strada Urbana;VIA PORTUENSE;all'intersezione con;VIA DEL FOSSO DELLA MAGLIANA;VIA DEL FOSSO DELLA MAGLIANA;;;Scontro frontale/laterale DX fra veicoli in marcia;Intersezione stradale segnalata;Una carreggiata a doppio senso;Asciutto;Asfaltata;Verticale ed orizzontale;Sereno;Scarso;Buona;Ore Diurne;0;0;0;1;12.40939;41.84342;-1;1;Autobus turistico;In marcia / fermata / arresto;Conducente;M;Illeso;0;;Utilizzato;