Protocollo;Gruppo;DataOraIncidente;Localizzazione1;STRADA1;Localizzazione2;STRADA2;Strada02;Chilometrica;DaSpecificare;NaturaIncidente;particolaritastrade;TipoStrada;FondoStradale;Pavimentazione;Segnaletica;CondizioneAtmosferica;Traffico;Visibilita;Illuminazione;NUM_FERITI;NUM_RISERVATA;NUM_MORTI;NUM_ILLESI;Longitudine;Latitudine;Confermato;Progressivo;TipoVeicolo;StatoVeicolo;TipoPersona;Sesso;Tipolesione;Deceduto;DecedutoDopo;CinturaCascoUtilizzato;Airbag
2742729;17;19/03/2016 15:00;Strada Urbana;VIALE DEI CAVALIERI DI VITTORIO VENETO;da specificare;;;;in prossimità di via Trionfale;Scontro laterale fra veicoli in marcia;Pendenza;Una carreggiata a doppio senso;Asciutto;Asfaltata;Verticale ed orizzontale;Sereno;Normale;Buona;Ore Diurne;0;0;0;3;12.4504;41.92065;-1;1;Autovettura privata;In marcia / fermata / arresto;Conducente;F;Illeso;0;;;
2742729;17;19/03/2016 15:00;Strada Urbana;VIALE DEI CAVALIERI DI VITTORIO VENETO;da specificare;;;;in prossimità di via Trionfale;Scontro laterale fra veicoli in marcia;Pendenza;Una carreggiata a doppio senso;Asciutto;Asfaltata;Verticale ed orizzontale;Sereno;Normale;Buona;Ore Diurne;0;0;0;3;12.4504;41.92065;-1;1;Autovettura privata;In marcia / fermata / arresto;Passeggero;M;Illeso;0;;;
2742729;17;19/03/2016 15:00;Strada Urbana;VIALE DEI CAVALIERI DI VITTORIO VENETO;da specificare;;;;in prossimità di via Trionfale;Scontro laterale fra veicoli in marcia;Pendenza;Una carreggiata a doppio senso;Asciutto;Asfaltata;Verticale ed orizzontale;Sereno;Normale;Buona;Ore Diurne;0;0;0;3;12.4504;41.92065;-1;2;Autovettura privata;In marcia / fermata / arresto;Conducente;M;Illeso;0;;;
2742730;2;18/03/2016 10:20;Strada Urbana;VIA STATI UNITI D'AMERICA;all'intersezione con;VIALE XVII OLIMPIADE;VIALE XVII OLIMPIADE;;;Veicolo in marcia contro veicolo in sosta;Intersezione stradale segnalata;Una carreggiata a doppio senso;Asciutto;Asfaltata;Verticale ed orizzontale;Sereno;Normale;Buona;Ore Diurne;0;0;0;2;12.4693;41.93325;-1;2;Autocarro inferiore 35 q.;In marcia / fermata / arresto;Conducente;M;Illeso;0;;;
2742730;2;18/03/2016 10:20;Strada Urbana;VIA STATI UNITI D'AMERICA;all'intersezione con;VIALE XVII OLIMPIADE;VIALE XVII OLIMPIADE;;;Veicolo in marcia contro veicolo in sosta;Intersezione stradale segnalata;Una carreggiata a doppio senso;Asciutto;Asfaltata;Verticale ed orizzontale;Sereno;Normale;Buona;Ore Diurne;0;0;0;2;12.4693;41.93325;-1;2;Autocarro inferiore 35 q.;In marcia / fermata / arresto;Passeggero;M;Illeso;0;;;
2742732;16;18/03/2016 21:40;Strada Urbana;VIA GIACINTO CARINI;all'intersezione semaforizzata con;VIA FRATELLI BONNET;VIA FRATELLI BONNET;;;Scontro laterale fra veicoli in marcia;Intersezione semaforizzata;Una carreggiata a doppio senso;Asciutto;Asfaltata;Verticale ed orizzontale;Sereno;Normale;Sufficiente;Sufficiente;0;0;0;5;12.46091;41.88514;-1;1;Autovettura privata;In marcia / fermata / arresto;Conducente;M;Illeso;0;;;
2742732;16;18/03/2016 21:40;Strada Urbana;VIA GIACINTO CARINI;all'intersezione semaforizzata con;VIA FRATELLI BONNET;VIA FRATELLI BONNET;;;Scontro laterale fra veicoli in marcia;Intersezione semaforizzata;Una carreggiata a doppio senso;Asciutto;Asfaltata;Verticale ed orizzontale;Sereno;Normale;Sufficiente;Sufficiente;0;0;0;5;12.46091;41.88514;-1;1;Autovettura privata;In marcia / fermata / arresto;Passeggero;M;Illeso;0;;;
2742732;16;18/03/2016 21:40;Strada Urbana;VIA GIACINTO CARINI;all'intersezione semaforizzata con;VIA FRATELLI BONNET;VIA FRATELLI BONNET;;;Scontro laterale fra veicoli in marcia;Intersezione semaforizzata;Una carreggiata a doppio senso;Asciutto;Asfaltata;Verticale ed orizzontale;Sereno;Normale;Sufficiente;Sufficiente;0;0;0;5;12.46091;41.88514;-1;1;Autovettura privata;In marcia / fermata / arresto;Passeggero;F;Illeso;0;;;
2742732;16;18/03/2016 21:40;Strada Urbana;VIA GIACINTO CARINI;all'intersezione semaforizzata con;VIA FRATELLI BONNET;VIA FRATELLI BONNET;;;Scontro laterale fra veicoli in marcia;Intersezione semaforizzata;Una carreggiata a doppio senso;Asciutto;Asfaltata;Verticale ed orizzontale;Sereno;Normale;Sufficiente;Sufficiente;0;0;0;5;12.46091;41.88514;-1;2;Autocarro inferiore 35 q.;In marcia / fermata / arresto;Conducente;M;Illeso;0;;;
2742736;1;18/03/2016 10:45;Strada Urbana;PIAZZA VITTORIO EMANUELE II;in corrispondenza;;del civico n.;143;;Veicolo in marcia contro ostacolo accidentale;Rettilineo;Una carreggiata a doppio senso;Viscido da liquidi oleosi;In cubetti di porfido;Verticale ed orizzontale;Sereno;Intenso;Buona;Ore Diurne;1;0;0;0;12.50262;41.8951;-1;1;Motociclo a solo;In marcia / fermata / arresto;Conducente;M;Rimandato;0;NON DECEDUTO;Non accertato;
2742742;2;18/03/2016 11:30;Strada Urbana;VIA CAGLIARI;in prossimità;;del civico n.;40;;Veicolo in marcia contro veicoli in sosta;Rettilineo;Una carreggiata a senso unico di marcia;Asciutto;In cubetti di porfido;Verticale ed orizzontale;Nuvoloso;Scarso;Buona;Ore Diurne;0;0;0;1;12.50374;41.91325;-1;1;Autovettura privata;In marcia / fermata / arresto;Conducente;M;Illeso;0;;;
2742749;3;19/03/2016 01:45;Strada Urbana;NUOVA CIRCONVALLAZIONE INTERNA;da specificare;;;;DIREZIONE S. GIOVANNI;Fuoriuscita dalla sede stradale;Rettilineo;Una carreggiata a senso unico di marcia;Asciutto;Asfaltata;Verticale ed orizzontale;Sereno;Scarso;Buona;Sufficiente;0;0;0;1;12.5328;41.91064;-1;1;Autovettura privata;In marcia / fermata / arresto;Conducente;F;Illeso;0;;Non accertato;Esploso
2742756;2;19/03/2016 17:00;Strada Urbana;LUNGOTEVERE ARNALDO DA BRESCIA;all'intersezione con;VIA DOMENICO ALBERTO AZUNI;VIA DOMENICO ALBERTO AZUNI;;;Tamponamento;Incrocio;Due carreggiate;Asciutto;Asfaltata;Verticale ed orizzontale;Sereno;Normale;Buona;Ore Diurne;1;0;0;2;12.47261;41.9123;-1;1;Motociclo a solo;In marcia / fermata / arresto;Conducente;M;Rifiuta cure immediate;0;NON DECEDUTO;;
2742756;2;19/03/2016 17:00;Strada Urbana;LUNGOTEVERE ARNALDO DA BRESCIA;all'intersezione con;VIA DOMENICO ALBERTO AZUNI;VIA DOMENICO ALBERTO AZUNI;;;Tamponamento;Incrocio;Due carreggiate;Asciutto;Asfaltata;Verticale ed orizzontale;Sereno;Normale;Buona;Ore Diurne;1;0;0;2;12.47261;41.9123;-1;2;Autovettura privata;In marcia / fermata / arresto;Conducente;M;Illeso;0;;Non accertato;Inesploso
2742756;2;19/03/2016 17:00;Strada Urbana;LUNGOTEVERE ARNALDO DA BRESCIA;all'intersezione con;VIA DOMENICO ALBERTO AZUNI;VIA DOMENICO ALBERTO AZUNI;;;Tamponamento;Incrocio;Due carreggiate;Asciutto;Asfaltata;Verticale ed orizzontale;Sereno;Normale;Buona;Ore Diurne;1;0;0;2;12.47261;41.9123;-1;2;Autovettura privata;In marcia / fermata / arresto;Passeggero;M;Illeso;0;;Non accertato;Inesploso
2742761;6;21/03/2016 10:00;Strada Urbana;VIA PRENESTINA;all'intersezione semaforizzata con;VIA DIGNANO D'ISTRIA;VIA DIGNANO D'ISTRIA;;;Scontro laterale fra veicoli in marcia;Incrocio;Più di due carreggiate;Asciutto;Asfaltata;Verticale ed orizzontale;Sereno;Normale;Buona;Ore Diurne;1;0;0;1;12.55114;41.89394;-1;1;Autovettura privata;In marcia / fermata / arresto;Conducente;M;Illeso;0;;Non accertato;Inesploso
2742761;6;21/03/2016 10:00;Strada Urbana;VIA PRENESTINA;all'intersezione semaforizzata con;VIA DIGNANO D'ISTRIA;VIA DIGNANO D'ISTRIA;;;Scontro laterale fra veicoli in marcia;Incrocio;Più di due carreggiate;Asciutto;Asfaltata;Verticale ed orizzontale;Sereno;Normale;Buona;Ore Diurne;1;0;0;1;12.55114;41.89394;-1;2;Motociclo a solo;In marcia / fermata / arresto;Conducente;M;Rifiuta cure immediate;0;NON DECEDUTO;Non accertato;
2742762;23;19/03/2016 11:00;Comunale extraurbana;VIA CRISTOFORO COLOMBO;all'intersezione con;VIA DI MEZZOCAMMINO;VIA DI MEZZOCAMMINO;;;Tamponamento;Intersezione stradale segnalata;Più di due carreggiate;Asciutto;Asfaltata;Verticale ed orizzontale;Sereno;Scarso;Buona;Ore Diurne;2;0;0;2;12.43536;41.78812;-1;1;Autovettura privata;In marcia / fermata / arresto;Conducente;M;Rifiuta cure immediate;0;NON DECEDUTO;Non accertato;Inesploso
2742762;23;19/03/2016 11:00;Comunale extraurbana;VIA CRISTOFORO COLOMBO;all'intersezione con;VIA DI MEZZOCAMMINO;VIA DI MEZZOCAMMINO;;;Tamponamento;Intersezione stradale segnalata;Più di due carreggiate;Asciutto;Asfaltata;Verticale ed orizzontale;Sereno;Scarso;Buona;Ore Diurne;2;0;0;2;12.43536;41.78812;-1;1;Autovettura privata;In marcia / fermata / arresto;Passeggero;M;Illeso;0;;Non accertato;Inesploso
2742762;23;19/03/2016 11:00;Comunale extraurbana;VIA CRISTOFORO COLOMBO;all'intersezione con;VIA DI MEZZOCAMMINO;VIA DI MEZZOCAMMINO;;;Tamponamento;Intersezione stradale segnalata;Più di due carreggiate;Asciutto;Asfaltata;Verticale ed orizzontale;Sereno;Scarso;Buona;Ore Diurne;2;0;0;2;12.43536;41.78812;-1;1;Autovettura privata;In marcia / fermata / arresto;Passeggero;F;Illeso;0;;Non accertato;Inesistente
2742762;23;19/03/2016 11:00;Comunale extraurbana;VIA CRISTOFORO COLOMBO;all'intersezione con;VIA DI MEZZOCAMMINO;VIA DI MEZZOCAMMINO;;;Tamponamento;Intersezione stradale segnalata;Più di due carreggiate;Asciutto;Asfaltata;Verticale ed orizzontale;Sereno;Scarso;Buona;Ore Diurne;2;0;0;2;12.43536;41.78812;-1;2;Autovettura privata;In marcia / fermata / arresto;Conducente;F;Rifiuta cure immediate;0;NON DECEDUTO;Non accertato;Inesistente
2742782;2;21/03/2016 07:45;Strada Urbana;CIRCONVALLAZIONE SALARIA;da specificare;;;;dir. Stadio prox uscita Salaria G.R.A.;Tamponamento Multiplo;Rettilineo;Due carreggiate;Asciutto;Asfaltata;Verticale ed orizzontale;Sereno;Intenso;Buona;Ore Diurne;0;0;0;6;12.51074;41.93825;-1;1;Autocarro inferiore 35 q.;In marcia / fermata / arresto;Conducente;M;Illeso;0;;;
2742782;2;21/03/2016 07:45;Strada Urbana;CIRCONVALLAZIONE SALARIA;da specificare;;;;dir. Stadio prox uscita Salaria G.R.A.;Tamponamento Multiplo;Rettilineo;Due carreggiate;Asciutto;Asfaltata;Verticale ed orizzontale;Sereno;Intenso;Buona;Ore Diurne;0;0;0;6;12.51074;41.93825;-1;2;Autovettura privata;In marcia / fermata / arresto;Conducente;M;Illeso;0;;Non accertato;Inesploso
2742782;2;21/03/2016 07:45;Strada Urbana;CIRCONVALLAZIONE SALARIA;da specificare;;;;dir. Stadio prox uscita Salaria G.R.A.;Tamponamento Multiplo;Rettilineo;Due carreggiate;Asciutto;Asfaltata;Verticale ed orizzontale;Sereno;Intenso;Buona;Ore Diurne;0;0;0;6;12.51074;41.93825;-1;3;Autovettura privata;In marcia / fermata / arresto;Conducente;M;Illeso;0;;Non accertato;Inesploso
2742782;2;21/03/2016 07:45;Strada Urbana;CIRCONVALLAZIONE SALARIA;da specificare;;;;dir. Stadio prox uscita Salaria G.R.A.;Tamponamento Multiplo;Rettilineo;Due carreggiate;Asciutto;Asfaltata;Verticale ed orizzontale;Sereno;Intenso;Buona;Ore Diurne;0;0;0;6;12.51074;41.93825;-1;4;Autovettura privata;In marcia / fermata / arresto;Conducente;M;Illeso;0;;Non accertato;Inesploso
2742782;2;21/03/2016 07:45;Strada Urbana;CIRCONVALLAZIONE SALARIA;da specificare;;;;dir. Stadio prox uscita Salaria G.R.A.;Tamponamento Multiplo;Rettilineo;Due carreggiate;Asciutto;Asfaltata;Verticale ed orizzontale;Sereno;Intenso;Buona;Ore Diurne;0;0;0;6;12.51074;41.93825;-1;4;Autovettura privata;In marcia / fermata / arresto;Passeggero;M;Illeso;0;;Non accertato;Inesploso
2742782;2;21/03/2016 07:45;Strada Urbana;CIRCONVALLAZIONE SALARIA;da specificare;;;;dir. Stadio prox uscita Salaria G.R.A.;Tamponamento Multiplo;Rettilineo;Due carreggiate;Asciutto;Asfaltata;Verticale ed orizzontale;Sereno;Intenso;Buona;Ore Diurne;0;0;0;6;12.51074;41.93825;-1;4;Autovettura privata;In marcia / fermata / arresto;Passeggero;F;Illeso;0;;Non accertato;Inesploso
2742783;3;18/03/2016 23:45;Strada Urbana;VIA MICHELE DI LANDO;all'intersezione con;CIRCONVALLAZIONE NOMENTANA;CIRCONVALLAZIONE NOMENTANA;;;Scontro laterale fra veicoli in marcia;Intersezione stradale segnalata;Due carreggiate;Asciutto;Asfaltata;Verticale;Sereno;Scarso;Sufficiente;Sufficiente;0;0;0;3;12.52472;41.91403;-1;1;Autovettura privata;In marcia / fermata / arresto;Conducente;F;Illeso;0;;Non accertato;Inesploso
2742783;3;18/03/2016 23:45;Strada Urbana;VIA MICHELE DI LANDO;all'intersezione con;CIRCONVALLAZIONE NOMENTANA;CIRCONVALLAZIONE NOMENTANA;;;Scontro laterale fra veicoli in marcia;Intersezione stradale segnalata;Due carreggiate;Asciutto;Asfaltata;Verticale;Sereno;Scarso;Sufficiente;Sufficiente;0;0;0;3;12.52472;41.91403;-1;1;Autovettura privata;In marcia / fermata / arresto;Passeggero;M;Illeso;0;;Non accertato;Inesploso
2742783;3;18/03/2016 23:45;Strada Urbana;VIA MICHELE DI LANDO;all'intersezione con;CIRCONVALLAZIONE NOMENTANA;CIRCONVALLAZIONE NOMENTANA;;;Scontro laterale fra veicoli in marcia;Intersezione stradale segnalata;Due carreggiate;Asciutto;Asfaltata;Verticale;Sereno;Scarso;Sufficiente;Sufficiente;0;0;0;3;12.52472;41.91403;-1;2;Autovettura privata;In marcia / fermata / arresto;Conducente;M;Illeso;0;;Non accertato;Inesploso
2742792;4;19/03/2016 17:30;Provinciale entro l'abitato;VIA NOMENTANA;in prossimità;;della chilometrica;15.8;;Scontro laterale fra veicoli in marcia;Rettilineo;Una carreggiata a doppio senso;Asciutto;Asfaltata;Verticale;Sereno;Scarso;Buona;Ore Diurne;0;0;0;2;12.55238;41.94111;-1;1;Autovettura privata;In marcia / fermata / arresto;Conducente;M;Illeso;0;;;
2742792;4;19/03/2016 17:30;Provinciale entro l'abitato;VIA NOMENTANA;in prossimità;;della chilometrica;15.8;;Scontro laterale fra veicoli in marcia;Rettilineo;Una carreggiata a doppio senso;Asciutto;Asfaltata;Verticale;Sereno;Scarso;Buona;Ore Diurne;0;0;0;2;12.55238;41.94111;-1;2;Autovettura privata;In marcia / fermata / arresto;Conducente;M;Illeso;0;;;
2742801;2;19/03/2016 09:15;Strada Urbana;VIA GIUSEPPE SACCONI;all'intersezione con;VIA ARISTIDE CALDERINI;VIA ARISTIDE CALDERINI;;;Scontro frontale/laterale SX fra veicoli in marcia;Incrocio;Una carreggiata a doppio senso;Asciutto;Asfaltata;Verticale ed orizzontale;Sereno;Normale;Buona;Ore Diurne;0;0;0;2;12.46674;41.93088;-1;1;Autovettura privata;In marcia / fermata / arresto;Conducente;M;Illeso;0;;;
2742801;2;19/03/2016 09:15;Strada Urbana;VIA GIUSEPPE SACCONI;all'intersezione con;VIA ARISTIDE CALDERINI;VIA ARISTIDE CALDERINI;;;Scontro frontale/laterale SX fra veicoli in marcia;Incrocio;Una carreggiata a doppio senso;Asciutto;Asfaltata;Verticale ed orizzontale;Sereno;Normale;Buona;Ore Diurne;0;0;0;2;12.46674;41.93088;-1;2;Autovettura privata;In marcia / fermata / arresto;Conducente;M;Illeso;0;;;
2742810;2;18/03/2016 20:20;Strada Urbana;LUNGOTEVERE ARNALDO DA BRESCIA;da specificare;;;;sottopasso;Veicolo in marcia contro ostacolo accidentale;Rettilineo;Una carreggiata a senso unico di marcia;Asciutto;Asfaltata;Verticale ed orizzontale;Sereno;Normale;Sufficiente;Sufficiente;0;0;0;1;12.47261;41.9123;-1;1;Motociclo a solo;In marcia / fermata / arresto;Conducente;M;Illeso;0;;;
2742820;1;18/03/2016 08:50;Strada Urbana;VIA CAVOUR;in prossimità;;del civico n.;62;;Scontro laterale fra veicoli in marcia;Rettilineo;Una carreggiata a doppio senso;Asciutto;Asfaltata;Verticale ed orizzontale;Sereno;Normale;Sufficiente;Ore Diurne;0;0;0;2;12.49834;41.89926;-1;1;Autovettura privata;In marcia / fermata / arresto;Conducente;F;Illeso;0;;Non accertato;Inesploso
2742820;1;18/03/2016 08:50;Strada Urbana;VIA CAVOUR;in prossimità;;del civico n.;62;;Scontro laterale fra veicoli in marcia;Rettilineo;Una carreggiata a doppio senso;Asciutto;Asfaltata;Verticale ed orizzontale;Sereno;Normale;Sufficiente;Ore Diurne;0;0;0;2;12.49834;41.89926;-1;2;Autovettura privata;In marcia / fermata / arresto;Conducente;M;Illeso;0;;Non accertato;Inesploso
2742826;16;19/03/2016 02:50;Strada Urbana;VIA AURELIA ANTICA;all'intersezione semaforizzata con;LARGO DON LUIGI GUANELLA;LARGO DON LUIGI GUANELLA;;;Tamponamento;Incrocio;Una carreggiata a doppio senso;Asciutto;Asfaltata;Verticale ed orizzontale;Sereno;Scarso;Sufficiente;Sufficiente;0;0;0;2;12.42163;41.88849;-1;1;Autovettura privata;In marcia / fermata / arresto;Conducente;F;Illeso;0;;Non accertato;Inesploso
2742826;16;19/03/2016 02:50;Strada Urbana;VIA AURELIA ANTICA;all'intersezione semaforizzata con;LARGO DON LUIGI GUANELLA;LARGO DON LUIGI GUANELLA;;;Tamponamento;Incrocio;Una carreggiata a doppio senso;Asciutto;Asfaltata;Verticale ed orizzontale;Sereno;Scarso;Sufficiente;Sufficiente;0;0;0;2;12.42163;41.88849;-1;2;Autovettura privata;In marcia / fermata / arresto;Conducente;F;Illeso;0;;Non accertato;Inesploso
2742828;18;21/03/2016 06:45;Strada Urbana;VIA GREGORIO VII;da specificare;;;;alt. civ. 1 (corsia preferenziale;Veicolo in marcia contro veicolo fermo;Rettilineo;Più di due carreggiate;Asciutto;Asfaltata;Verticale ed orizzontale;Sereno;Scarso;Buona;Ore Diurne;0;0;0;2;12.45091;41.89826;-1;1;Autobus di linea;In marcia / fermata / arresto;Conducente;M;Illeso;0;;Non accertato;Inesistente
2742828;18;21/03/2016 06:45;Strada Urbana;VIA GREGORIO VII;da specificare;;;;alt. civ. 1 (corsia preferenziale;Veicolo in marcia contro veicolo fermo;Rettilineo;Più di due carreggiate;Asciutto;Asfaltata;Verticale ed orizzontale;Sereno;Scarso;Buona;Ore Diurne;0;0;0;2;12.45091;41.89826;-1;2;Autovettura privata;In marcia / fermata / arresto;Conducente;M;Illeso;0;;Non accertato;Inesploso
2742830;4;19/03/2016 14:15;Strada Urbana;VIA ANNIBALE MARIA DI FRANCIA;in corrispondenza;;del civico n.;65;;Veicolo in marcia contro veicolo in sosta;Rettilineo;Una carreggiata a senso unico di marcia;Asciutto;Asfaltata;Assente;Sereno;Scarso;Buona;Ore Diurne;0;0;0;1;12.50584;41.973;-1;1;Autocarro inferiore 35 q.;In marcia / fermata / arresto;Conducente;M;Illeso;0;;Non accertato;
2742833;2;18/03/2016 18:25;Strada Urbana;VIALE REGINA MARGHERITA;in corrispondenza;;del civico n.;246;;Investimento di pedone;Rettilineo;Una carreggiata a doppio senso;Asciutto;Asfaltata;Verticale ed orizzontale;Sereno;Normale;Sufficiente;Sufficiente;1;0;0;2;12.506;41.91327;-1;;;;Pedone;F;Rimandato;0;NON DECEDUTO;;
2742833;2;18/03/2016 18:25;Strada Urbana;VIALE REGINA MARGHERITA;in corrispondenza;;del civico n.;246;;Investimento di pedone;Rettilineo;Una carreggiata a doppio senso;Asciutto;Asfaltata;Verticale ed orizzontale;Sereno;Normale;Sufficiente;Sufficiente;1;0;0;2;12.506;41.91327;-1;1;Motociclo a solo;In marcia / fermata / arresto;Conducente;F;Illeso;0;;Non accertato;
2742833;2;18/03/2016 18:25;Strada Urbana;VIALE REGINA MARGHERITA;in corrispondenza;;del civico n.;246;;Investimento di pedone;Rettilineo;Una carreggiata a doppio senso;Asciutto;Asfaltata;Verticale ed orizzontale;Sereno;Normale;Sufficiente;Sufficiente;1;0;0;2;12.506;41.91327;-1;2;Autovettura privata;In marcia / fermata / arresto;Conducente;M;Illeso;0;;Non accertato;Inesploso
2742846;1;18/03/2016 14:20;Strada Urbana;PIAZZALE OSTIENSE;all'intersezione con;VIALE MARCO POLO;VIALE MARCO POLO;;;Scontro frontale/laterale DX fra veicoli in marcia;Incrocio;Una carreggiata a doppio senso;Asciutto;Asfaltata;Verticale ed orizzontale;Sereno;Normale;Buona;Ore Diurne;1;0;0;1;12.48329;41.87608;-1;1;Autovettura privata;In marcia / fermata / arresto;Conducente;F;Illeso;0;;;
2742846;1;18/03/2016 14:20;Strada Urbana;PIAZZALE OSTIENSE;all'intersezione con;VIALE MARCO POLO;VIALE MARCO POLO;;;Scontro frontale/laterale DX fra veicoli in marcia;Incrocio;Una carreggiata a doppio senso;Asciutto;Asfaltata;Verticale ed orizzontale;Sereno;Normale;Buona;Ore Diurne;1;0;0;1;12.48329;41.87608;-1;2;Autovettura privata;In marcia / fermata / arresto;Conducente;F;Rimandato;0;NON DECEDUTO;;
2742852;2;20/03/2016 01:00;Strada Urbana;PIAZZA LAURO DE BOSIS;all'intersezione con;LUNGOTEVERE MARESCIALLO CADORNA;LUNGOTEVERE MARESCIALLO CADORNA;;;Scontro laterale fra veicoli in marcia;Intersezione semaforizzata;Due carreggiate;Bagnato (umidità in atto);Asfaltata;Verticale ed orizzontale;Sereno;Scarso;Buona;Sufficiente;2;0;0;0;12.45861;41.93174;-1;1;Autovettura privata;In marcia / fermata / arresto;Conducente;M;Rifiuta cure immediate;0;NON DECEDUTO;;
2742852;2;20/03/2016 01:00;Strada Urbana;PIAZZA LAURO DE BOSIS;all'intersezione con;LUNGOTEVERE MARESCIALLO CADORNA;LUNGOTEVERE MARESCIALLO CADORNA;;;Scontro laterale fra veicoli in marcia;Intersezione semaforizzata;Due carreggiate;Bagnato (umidità in atto);Asfaltata;Verticale ed orizzontale;Sereno;Scarso;Buona;Sufficiente;2;0;0;0;12.45861;41.93174;-1;2;Autovettura privata;In marcia / fermata / arresto;Conducente;F;Rimandato;0;NON DECEDUTO;;
2742854;4;19/03/2016 17:30;Strada Urbana;PIAZZALE JONIO;da specificare;;;;altezza fronte civico 27;Scontro frontale/laterale DX fra veicoli in marcia;Rettilineo;Due carreggiate;Asciutto;Asfaltata;Verticale ed orizzontale;Sereno;Normale;Buona;Ore Diurne;0;0;0;3;12.52595;41.94577;-1;1;Autovettura privata;In marcia / fermata / arresto;Conducente;M;Illeso;0;;Non accertato;
2742854;4;19/03/2016 17:30;Strada Urbana;PIAZZALE JONIO;da specificare;;;;altezza fronte civico 27;Scontro frontale/laterale DX fra veicoli in marcia;Rettilineo;Due carreggiate;Asciutto;Asfaltata;Verticale ed orizzontale;Sereno;Normale;Buona;Ore Diurne;0;0;0;3;12.52595;41.94577;-1;1;Autovettura privata;In marcia / fermata / arresto;Passeggero;F;Illeso;0;;Non accertato;
2742854;4;19/03/2016 17:30;Strada Urbana;PIAZZALE JONIO;da specificare;;;;altezza fronte civico 27;Scontro frontale/laterale DX fra veicoli in marcia;Rettilineo;Due carreggiate;Asciutto;Asfaltata;Verticale ed orizzontale;Sereno;Normale;Buona;Ore Diurne;0;0;0;3;12.52595;41.94577;-1;2;Autovettura privata;In marcia / fermata / arresto;Conducente;M;Illeso;0;;Non accertato;
2742859;2;19/03/2016 20:25;Strada Urbana;VIA PIETRO DE COUBERTIN;da specificare;;;;altezza via Gran Bretagna;Veicolo in marcia contro ostacolo accidentale;Rettilineo;Una carreggiata a doppio senso;Asciutto;Asfaltata;Orizzontale;Sereno;Normale;Buona;Sufficiente;0;0;0;1;12.47327;41.92956;-1;1;Motociclo a solo;In marcia / fermata / arresto;Conducente;M;Illeso;0;;;
2742861;4;19/03/2016 13:00;Strada Urbana;VIA NOMENTANA;in corrispondenza;;del civico n.;663 a;;Scontro laterale fra veicoli in marcia;Rettilineo;Una carreggiata a doppio senso;Asciutto;Asfaltata;Verticale ed orizzontale;Sereno;Normale;Buona;Ore Diurne;0;0;0;3;12.5368;41.93552;-1;1;Autovettura privata;In marcia / fermata / arresto;Conducente;M;Illeso;0;;Non accertato;Inesploso
2742861;4;19/03/2016 13:00;Strada Urbana;VIA NOMENTANA;in corrispondenza;;del civico n.;663 a;;Scontro laterale fra veicoli in marcia;Rettilineo;Una carreggiata a doppio senso;Asciutto;Asfaltata;Verticale ed orizzontale;Sereno;Normale;Buona;Ore Diurne;0;0;0;3;12.5368;41.93552;-1;2;Motociclo con passeggero;In marcia / fermata / arresto;Conducente;M;Illeso;0;;Non accertato;
2742861;4;19/03/2016 13:00;Strada Urbana;VIA NOMENTANA;in corrispondenza;;del civico n.;663 a;;Scontro laterale fra veicoli in marcia;Rettilineo;Una carreggiata a doppio senso;Asciutto;Asfaltata;Verticale ed orizzontale;Sereno;Normale;Buona;Ore Diurne;0;0;0;3;12.5368;41.93552;-1;2;Motociclo con passeggero;In marcia / fermata / arresto;Passeggero;M;Illeso;0;;Non accertato;
2742873;3;19/03/2016 07:35;Strada Urbana;PIAZZALE DEL VERANO;da specificare;;;;TRA RIQUADRO 11 E 15;Scontro frontale/laterale DX fra veicoli in marcia;Rettilineo;Una carreggiata a doppio senso;Asciutto;Asfaltata;Assente;Sereno;Scarso;Buona;Ore Diurne;0;0;0;3;12.51861;41.90117;-1;1;Autovettura privata;In marcia / fermata / arresto;Passeggero;M;Illeso;0;;Non accertato;Inesploso
2742873;3;19/03/2016 07:35;Strada Urbana;PIAZZALE DEL VERANO;da specificare;;;;TRA RIQUADRO 11 E 15;Scontro frontale/laterale DX fra veicoli in marcia;Rettilineo;Una carreggiata a doppio senso;Asciutto;Asfaltata;Assente;Sereno;Scarso;Buona;Ore Diurne;0;0;0;3;12.51861;41.90117;-1;1;Autovettura privata;In marcia / fermata / arresto;Conducente;M;Illeso;0;;Non accertato;Inesploso
2742873;3;19/03/2016 07:35;Strada Urbana;PIAZZALE DEL VERANO;da specificare;;;;TRA RIQUADRO 11 E 15;Scontro frontale/laterale DX fra veicoli in marcia;Rettilineo;Una carreggiata a doppio senso;Asciutto;Asfaltata;Assente;Sereno;Scarso;Buona;Ore Diurne;0;0;0;3;12.51861;41.90117;-1;2;Autovettura privata;In marcia / fermata / arresto;Conducente;M;Illeso;0;;Non accertato;Inesploso
2742880;9;21/03/2016 10:30;Strada Urbana;VIA DELL'ARCO DI TRAVERTINO;da specificare;;;;all'altezza di via di Valle Rotonda;Investimento di pedone;Rettilineo;Due carreggiate;Asciutto;Asfaltata;Orizzontale;Sereno;Normale;Buona;Ore Diurne;1;0;0;1;12.53703;41.86809;-1;;;;Pedone;F;Rimandato;0;NON DECEDUTO;;
2742880;9;21/03/2016 10:30;Strada Urbana;VIA DELL'ARCO DI TRAVERTINO;da specificare;;;;all'altezza di via di Valle Rotonda;Investimento di pedone;Rettilineo;Due carreggiate;Asciutto;Asfaltata;Orizzontale;Sereno;Normale;Buona;Ore Diurne;1;0;0;1;12.53703;41.86809;-1;1;Autovettura privata;In marcia / fermata / arresto;Conducente;M;Illeso;0;;Non accertato;Inesploso