Protocollo;Gruppo;DataOraIncidente;Localizzazione1;STRADA1;Localizzazione2;STRADA2;Strada02;Chilometrica;DaSpecificare;NaturaIncidente;particolaritastrade;TipoStrada;FondoStradale;Pavimentazione;Segnaletica;CondizioneAtmosferica;Traffico;Visibilita;Illuminazione;NUM_FERITI;NUM_RISERVATA;NUM_MORTI;NUM_ILLESI;Longitudine;Latitudine;Confermato;Progressivo;TipoVeicolo;StatoVeicolo;TipoPersona;Sesso;Tipolesione;Deceduto;DecedutoDopo;CinturaCascoUtilizzato;Airbag
2742882;2;19/03/2016 19:00;Strada Urbana;VIA TIGRE';in corrispondenza;;del civico n.;75;;Investimento di pedone;Rettilineo;Una carreggiata a senso unico di marcia;Asciutto;Asfaltata;Verticale ed orizzontale;Sereno;Normale;Buona;Sufficiente;1;0;0;1;12.51941;41.93158;-1;;;;Pedone;F;Ricoverato;0;NON DECEDUTO;;
2742882;2;19/03/2016 19:00;Strada Urbana;VIA TIGRE';in corrispondenza;;del civico n.;75;;Investimento di pedone;Rettilineo;Una carreggiata a senso unico di marcia;Asciutto;Asfaltata;Verticale ed orizzontale;Sereno;Normale;Buona;Sufficiente;1;0;0;1;12.51941;41.93158;-1;1;Autovettura privata;In marcia / fermata / arresto;Conducente;M;Illeso;0;;;
2742892;1;18/03/2016 14:20;Strada Urbana;VIALE AVENTINO;all'intersezione semaforizzata con;PIAZZA DI PORTA CAPENA;PIAZZA DI PORTA CAPENA;;;Tamponamento;Intersezione semaforizzata;Una carreggiata a senso unico di marcia;Asciutto;Asfaltata;Verticale ed orizzontale;Nuvoloso;Normale;Buona;Ore Diurne;0;0;0;1;12.48711;41.88266;-1;1;Autovettura privata;In marcia / fermata / arresto;Conducente;F;Illeso;0;;Non accertato;
2742901;1;18/03/2016 15:45;Strada Urbana;VIA DI VALLE DELLE CAMENE;in prossimità;;del palo luce n.;1;;Investimento di pedone;Rettilineo;Una carreggiata a senso unico di marcia;Asciutto;In cubetti di porfido;Verticale ed orizzontale;Sereno;Scarso;Buona;Ore Diurne;1;0;0;1;12.49294;41.88274;-1;;;;Pedone;M;Rimandato;0;NON DECEDUTO;;
2742901;1;18/03/2016 15:45;Strada Urbana;VIA DI VALLE DELLE CAMENE;in prossimità;;del palo luce n.;1;;Investimento di pedone;Rettilineo;Una carreggiata a senso unico di marcia;Asciutto;In cubetti di porfido;Verticale ed orizzontale;Sereno;Scarso;Buona;Ore Diurne;1;0;0;1;12.49294;41.88274;-1;1;Autovettura privata;In marcia / fermata / arresto;Conducente;M;Illeso;0;;Non accertato;Inesploso
2742909;16;19/03/2016 22:20;Strada Urbana;VIALE ISACCO NEWTON;da specificare;;;;CORSIA PROVENIENZA FIUMICINO DIREZ. P.LE MORELLI;Veicolo in marcia contro ostacolo fisso;Rettilineo;Due carreggiate;Asciutto;Asfaltata;Verticale ed orizzontale;Sereno;Scarso;Buona;Sufficiente;0;0;0;2;12.44273;41.84809;-1;1;Autovettura privata;In marcia / fermata / arresto;Conducente;M;Illeso;0;;Non accertato;Inesploso
2742909;16;19/03/2016 22:20;Strada Urbana;VIALE ISACCO NEWTON;da specificare;;;;CORSIA PROVENIENZA FIUMICINO DIREZ. P.LE MORELLI;Veicolo in marcia contro ostacolo fisso;Rettilineo;Due carreggiate;Asciutto;Asfaltata;Verticale ed orizzontale;Sereno;Scarso;Buona;Sufficiente;0;0;0;2;12.44273;41.84809;-1;1;Autovettura privata;In marcia / fermata / arresto;Passeggero;F;Illeso;0;;Non accertato;Inesploso
2742916;15;21/03/2016 11:00;Strada Urbana;VIA ODERISI DA GUBBIO;in corrispondenza;;del civico n.;245;;Investimento di pedone;Rettilineo;Una carreggiata a doppio senso;Asciutto;Asfaltata;Verticale ed orizzontale;Sereno;Normale;Buona;Ore Diurne;1;0;0;1;12.46412;41.86301;-1;;;;Pedone;M;Rimandato;0;NON DECEDUTO;;
2742916;15;21/03/2016 11:00;Strada Urbana;VIA ODERISI DA GUBBIO;in corrispondenza;;del civico n.;245;;Investimento di pedone;Rettilineo;Una carreggiata a doppio senso;Asciutto;Asfaltata;Verticale ed orizzontale;Sereno;Normale;Buona;Ore Diurne;1;0;0;1;12.46412;41.86301;-1;1;Autovettura privata;In marcia / fermata / arresto;Conducente;M;Illeso;0;;Utilizzato;Inesploso
2742919;16;20/03/2016 02:00;Strada Urbana;VIA DELLA VIGNACCIA;da specificare;;;;TRA I PALI ACEA 60 E 61;Fuoriuscita dalla sede stradale;Rettilineo;Una carreggiata a doppio senso;Asciutto;Asfaltata;Assente;Sereno;Scarso;Buona;Sufficiente;0;0;0;2;12.4022;41.87401;-1;1;Autovettura privata;In marcia / fermata / arresto;Conducente;F;Illeso;0;;Non accertato;Inesploso
2742919;16;20/03/2016 02:00;Strada Urbana;VIA DELLA VIGNACCIA;da specificare;;;;TRA I PALI ACEA 60 E 61;Fuoriuscita dalla sede stradale;Rettilineo;Una carreggiata a doppio senso;Asciutto;Asfaltata;Assente;Sereno;Scarso;Buona;Sufficiente;0;0;0;2;12.4022;41.87401;-1;1;Autovettura privata;In marcia / fermata / arresto;Passeggero;M;Illeso;0;;Non accertato;Inesploso
2742926;1;19/03/2016 00:15;Strada Urbana;VIA LUDOVISI;all'intersezione con;VIA CADORE;VIA CADORE;;;Veicolo in marcia contro veicolo in sosta;Incrocio;Una carreggiata a senso unico di marcia;Asciutto;Asfaltata;Verticale;Sereno;Scarso;Buona;Sufficiente;0;0;0;1;12.48788;41.90685;-1;1;Autovettura privata;In marcia / fermata / arresto;Conducente;M;Illeso;0;;Non accertato;
2742933;2;18/03/2016 18:30;Strada Urbana;VIALE SAN PAOLO DEL BRASILE;da specificare;;;;a 30 metri prima piazza Canestre dir. ple Flaminio;Veicolo in marcia contro ostacolo accidentale;Rettilineo;Una carreggiata a doppio senso;Asciutto;Asfaltata;Verticale ed orizzontale;Sereno;Scarso;Sufficiente;Sufficiente;0;0;0;1;12.48541;41.91211;-1;1;Autovettura pubblica;In marcia / fermata / arresto;Conducente;M;Illeso;0;;;
2742938;4;20/03/2016 12:10;Provinciale entro l'abitato;VIA NOMENTANA;all'intersezione con;VIA DI S. ALESSANDRO;VIA DI S. ALESSANDRO;;;Scontro frontale/laterale SX fra veicoli in marcia;Incrocio;Una carreggiata a doppio senso;Asciutto;Asfaltata;Verticale ed orizzontale;Sereno;Normale;Buona;Ore Diurne;0;0;0;3;12.59857;41.94889;-1;1;Autovettura privata;In marcia / fermata / arresto;Conducente;M;Illeso;0;;Non accertato;Inesploso
2742938;4;20/03/2016 12:10;Provinciale entro l'abitato;VIA NOMENTANA;all'intersezione con;VIA DI S. ALESSANDRO;VIA DI S. ALESSANDRO;;;Scontro frontale/laterale SX fra veicoli in marcia;Incrocio;Una carreggiata a doppio senso;Asciutto;Asfaltata;Verticale ed orizzontale;Sereno;Normale;Buona;Ore Diurne;0;0;0;3;12.59857;41.94889;-1;1;Autovettura privata;In marcia / fermata / arresto;Passeggero;F;Illeso;0;;Non accertato;
2742938;4;20/03/2016 12:10;Provinciale entro l'abitato;VIA NOMENTANA;all'intersezione con;VIA DI S. ALESSANDRO;VIA DI S. ALESSANDRO;;;Scontro frontale/laterale SX fra veicoli in marcia;Incrocio;Una carreggiata a doppio senso;Asciutto;Asfaltata;Verticale ed orizzontale;Sereno;Normale;Buona;Ore Diurne;0;0;0;3;12.59857;41.94889;-1;2;Autovettura privata;In marcia / fermata / arresto;Conducente;F;Illeso;0;;Non accertato;Inesploso
2742939;20;21/03/2016 11:40;Strada Urbana;CORSO DI FRANCIA;all'intersezione semaforizzata con;VIA DI VIGNA STELLUTI;VIA DI VIGNA STELLUTI;;;Scontro laterale fra veicoli in marcia;Intersezione semaforizzata;Due carreggiate;Asciutto;Asfaltata;Verticale ed orizzontale;Foschia;Normale;Buona;Ore Diurne;0;0;0;3;12.46909;41.94481;-1;1;Autovettura privata;In marcia / fermata / arresto;Conducente;F;Illeso;0;;;
2742939;20;21/03/2016 11:40;Strada Urbana;CORSO DI FRANCIA;all'intersezione semaforizzata con;VIA DI VIGNA STELLUTI;VIA DI VIGNA STELLUTI;;;Scontro laterale fra veicoli in marcia;Intersezione semaforizzata;Due carreggiate;Asciutto;Asfaltata;Verticale ed orizzontale;Foschia;Normale;Buona;Ore Diurne;0;0;0;3;12.46909;41.94481;-1;2;Autovettura privata;In marcia / fermata / arresto;Conducente;M;Illeso;0;;;
2742939;20;21/03/2016 11:40;Strada Urbana;CORSO DI FRANCIA;all'intersezione semaforizzata con;VIA DI VIGNA STELLUTI;VIA DI VIGNA STELLUTI;;;Scontro laterale fra veicoli in marcia;Intersezione semaforizzata;Due carreggiate;Asciutto;Asfaltata;Verticale ed orizzontale;Foschia;Normale;Buona;Ore Diurne;0;0;0;3;12.46909;41.94481;-1;2;Autovettura privata;In marcia / fermata / arresto;Passeggero;F;Illeso;0;;Non accertato;Inesploso
2742944;16;20/03/2016 16:00;Strada Urbana;VIA FRANCESCO SAVERIO SPROVIERI;all'intersezione con;VIA GIACINTO CARINI;VIA GIACINTO CARINI;;;Scontro laterale fra veicoli in marcia;Incrocio;Una carreggiata a senso unico di marcia;Asciutto;Asfaltata;Verticale ed orizzontale;Sereno;Normale;Buona;Ore Diurne;0;0;0;4;12.46075;41.88262;-1;1;Autovettura privata;In marcia / fermata / arresto;Conducente;F;Illeso;0;;Non accertato;Inesploso
2742944;16;20/03/2016 16:00;Strada Urbana;VIA FRANCESCO SAVERIO SPROVIERI;all'intersezione con;VIA GIACINTO CARINI;VIA GIACINTO CARINI;;;Scontro laterale fra veicoli in marcia;Incrocio;Una carreggiata a senso unico di marcia;Asciutto;Asfaltata;Verticale ed orizzontale;Sereno;Normale;Buona;Ore Diurne;0;0;0;4;12.46075;41.88262;-1;1;Autovettura privata;In marcia / fermata / arresto;Passeggero;F;Illeso;0;;Non accertato;Inesploso
2742944;16;20/03/2016 16:00;Strada Urbana;VIA FRANCESCO SAVERIO SPROVIERI;all'intersezione con;VIA GIACINTO CARINI;VIA GIACINTO CARINI;;;Scontro laterale fra veicoli in marcia;Incrocio;Una carreggiata a senso unico di marcia;Asciutto;Asfaltata;Verticale ed orizzontale;Sereno;Normale;Buona;Ore Diurne;0;0;0;4;12.46075;41.88262;-1;1;Autovettura privata;In marcia / fermata / arresto;Passeggero;F;Illeso;0;;Non accertato;Inesploso
2742944;16;20/03/2016 16:00;Strada Urbana;VIA FRANCESCO SAVERIO SPROVIERI;all'intersezione con;VIA GIACINTO CARINI;VIA GIACINTO CARINI;;;Scontro laterale fra veicoli in marcia;Incrocio;Una carreggiata a senso unico di marcia;Asciutto;Asfaltata;Verticale ed orizzontale;Sereno;Normale;Buona;Ore Diurne;0;0;0;4;12.46075;41.88262;-1;2;Motociclo a solo;In marcia / fermata / arresto;Conducente;M;Illeso;0;;Non accertato;
2742949;1;19/03/2016 21:50;Strada Urbana;VIA CESARE BATTISTI;in corrispondenza;;del civico n.;122A;;Scontro frontale fra veicoli in marcia;Rettilineo;Una carreggiata a doppio senso;Asciutto;In cubetti di porfido;Verticale ed orizzontale;Sereno;Normale;Sufficiente;Sufficiente;0;0;0;2;12.48278;41.89662;-1;1;Autovettura di polizia;In marcia / fermata / arresto;Conducente;M;Illeso;0;;Non accertato;Inesploso
2742949;1;19/03/2016 21:50;Strada Urbana;VIA CESARE BATTISTI;in corrispondenza;;del civico n.;122A;;Scontro frontale fra veicoli in marcia;Rettilineo;Una carreggiata a doppio senso;Asciutto;In cubetti di porfido;Verticale ed orizzontale;Sereno;Normale;Sufficiente;Sufficiente;0;0;0;2;12.48278;41.89662;-1;2;Ciclomotore;In marcia / fermata / arresto;Conducente;F;Illeso;0;;Non accertato;
2742960;1;19/03/2016 11:50;Strada Urbana;VICOLO SCANDERBEG;all'intersezione con;VICOLO DEI MODELLI;VICOLO DEI MODELLI;;;Veicolo in marcia contro veicolo in sosta;Incrocio;Una carreggiata a senso unico di marcia;Asciutto;In cubetti di porfido;Verticale;Sereno;Scarso;Buona;Ore Diurne;0;0;0;1;12.4849;41.90069;-1;1;Autocarro inferiore 35 q.;In marcia / fermata / arresto;Conducente;M;Illeso;0;;Non accertato;Inesploso
2742981;1;19/03/2016 13:30;Strada Urbana;VIA VITTORIO VENETO;all'intersezione con;VIA LIGURIA;VIA LIGURIA;;;Scontro laterale fra veicoli in marcia;Incrocio;Una carreggiata a doppio senso;Asciutto;Asfaltata;Verticale ed orizzontale;Sereno;Normale;Buona;Ore Diurne;0;0;0;2;12.49017;41.90693;-1;1;Autovettura privata;In marcia / fermata / arresto;Conducente;F;Illeso;0;;;
2742981;1;19/03/2016 13:30;Strada Urbana;VIA VITTORIO VENETO;all'intersezione con;VIA LIGURIA;VIA LIGURIA;;;Scontro laterale fra veicoli in marcia;Incrocio;Una carreggiata a doppio senso;Asciutto;Asfaltata;Verticale ed orizzontale;Sereno;Normale;Buona;Ore Diurne;0;0;0;2;12.49017;41.90693;-1;2;Autovettura privata;In marcia / fermata / arresto;Conducente;M;Illeso;0;;;
2742986;4;20/03/2016 20:00;Strada Urbana;VIA SALARIA;da specificare;;;;300 mt dopo Urbe direzione Monterotondo;Investimento di pedone;Rettilineo;Due carreggiate;Asciutto;Asfaltata;Orizzontale;Sereno;Scarso;Buona;Sufficiente;1;0;0;2;12.50445;41.9554;-1;;;;Pedone;M;Ricoverato;0;NON DECEDUTO;;
2742986;4;20/03/2016 20:00;Strada Urbana;VIA SALARIA;da specificare;;;;300 mt dopo Urbe direzione Monterotondo;Investimento di pedone;Rettilineo;Due carreggiate;Asciutto;Asfaltata;Orizzontale;Sereno;Scarso;Buona;Sufficiente;1;0;0;2;12.50445;41.9554;-1;1;Autovettura privata;In marcia / fermata / arresto;Conducente;M;Illeso;0;;Non accertato;Inesploso
2742986;4;20/03/2016 20:00;Strada Urbana;VIA SALARIA;da specificare;;;;300 mt dopo Urbe direzione Monterotondo;Investimento di pedone;Rettilineo;Due carreggiate;Asciutto;Asfaltata;Orizzontale;Sereno;Scarso;Buona;Sufficiente;1;0;0;2;12.50445;41.9554;-1;1;Autovettura privata;In marcia / fermata / arresto;Passeggero;M;Illeso;0;;Non accertato;Inesploso
2742992;3;21/03/2016 06:10;Strada Urbana;PIAZZA SALERNO;all'intersezione con;VIA LAZZARO SPALLANZANI;VIA LAZZARO SPALLANZANI;;;Veicolo in marcia contro ostacolo fisso;Intersezione stradale segnalata;Una carreggiata a doppio senso;Asciutto;Asfaltata;Verticale ed orizzontale;Sereno;Normale;Buona;Ore Diurne;1;0;0;0;12.51325;41.91065;-1;1;Motociclo a solo;In marcia / fermata / arresto;Conducente;M;Ricoverato;0;NON DECEDUTO;Non accertato;
2742993;1;19/03/2016 16:35;Strada Urbana;LARGO DELLE TERME DI CARACALLA;da specificare;;;;.;Scontro laterale fra veicoli in marcia;Rettilineo;Due carreggiate;Asciutto;Asfaltata;Verticale ed orizzontale;Sereno;Normale;Buona;Ore Diurne;0;0;0;3;12.49626;41.87495;-1;1;Autovettura privata;In marcia / fermata / arresto;Conducente;M;Illeso;0;;;
2742993;1;19/03/2016 16:35;Strada Urbana;LARGO DELLE TERME DI CARACALLA;da specificare;;;;.;Scontro laterale fra veicoli in marcia;Rettilineo;Due carreggiate;Asciutto;Asfaltata;Verticale ed orizzontale;Sereno;Normale;Buona;Ore Diurne;0;0;0;3;12.49626;41.87495;-1;2;Autovettura privata;In marcia / fermata / arresto;Conducente;M;Illeso;0;;;
2742993;1;19/03/2016 16:35;Strada Urbana;LARGO DELLE TERME DI CARACALLA;da specificare;;;;.;Scontro laterale fra veicoli in marcia;Rettilineo;Due carreggiate;Asciutto;Asfaltata;Verticale ed orizzontale;Sereno;Normale;Buona;Ore Diurne;0;0;0;3;12.49626;41.87495;-1;2;Autovettura privata;In marcia / fermata / arresto;Passeggero;M;Illeso;0;;;
2743003;12;21/03/2016 09:00;Strada Urbana;VIA DI PORTA MEDAGLIA;da specificare;;;;(dir. Laurentina) 50 mt prima del civ. 211;Veicolo in marcia contro ostacolo accidentale;Curva senza visuale libera;Una carreggiata a doppio senso;Asciutto;Asfaltata;Verticale;Sereno;Normale;Buona;Ore Diurne;0;0;0;1;12.54356;41.75598;-1;1;Autovettura privata;In marcia / fermata / arresto;Conducente;M;Illeso;0;;Utilizzato;Inesploso
2743015;3;19/03/2016 11:50;Strada Urbana;PIAZZALE DEL VERANO;da specificare;;;;INTERNO CIMITERO RIQUADRO 68;Investimento di pedone;Rettilineo;Una carreggiata a senso unico di marcia;Asciutto;Asfaltata;Assente;Sereno;Scarso;Buona;Ore Diurne;1;0;0;1;12.51861;41.90117;-1;;;;Pedone;F;Rimandato;0;NON DECEDUTO;;
2743015;3;19/03/2016 11:50;Strada Urbana;PIAZZALE DEL VERANO;da specificare;;;;INTERNO CIMITERO RIQUADRO 68;Investimento di pedone;Rettilineo;Una carreggiata a senso unico di marcia;Asciutto;Asfaltata;Assente;Sereno;Scarso;Buona;Ore Diurne;1;0;0;1;12.51861;41.90117;-1;1;Autovettura privata;In marcia / fermata / arresto;Conducente;F;Illeso;0;;Non accertato;Inesploso
2743017;1;19/03/2016 16:50;Strada Urbana;VIA DI S. SEBASTIANELLO;all'intersezione con;VIALE DELLA TRINITA' DEI MONTI;VIALE DELLA TRINITA' DEI MONTI;;;Investimento di pedone;Incrocio;Una carreggiata a senso unico di marcia;Asciutto;Asfaltata;Verticale ed orizzontale;Sereno;Normale;Buona;Ore Diurne;1;0;0;2;12.4825;41.90732;-1;;;;Pedone;F;Rimandato;0;NON DECEDUTO;;
2743017;1;19/03/2016 16:50;Strada Urbana;VIA DI S. SEBASTIANELLO;all'intersezione con;VIALE DELLA TRINITA' DEI MONTI;VIALE DELLA TRINITA' DEI MONTI;;;Investimento di pedone;Incrocio;Una carreggiata a senso unico di marcia;Asciutto;Asfaltata;Verticale ed orizzontale;Sereno;Normale;Buona;Ore Diurne;1;0;0;2;12.4825;41.90732;-1;;;;Pedone;M;Illeso;0;;;
2743017;1;19/03/2016 16:50;Strada Urbana;VIA DI S. SEBASTIANELLO;all'intersezione con;VIALE DELLA TRINITA' DEI MONTI;VIALE DELLA TRINITA' DEI MONTI;;;Investimento di pedone;Incrocio;Una carreggiata a senso unico di marcia;Asciutto;Asfaltata;Verticale ed orizzontale;Sereno;Normale;Buona;Ore Diurne;1;0;0;2;12.4825;41.90732;-1;1;Autovettura pubblica;In marcia / fermata / arresto;Conducente;M;Illeso;0;;Non accertato;Inesploso
2743026;1;20/03/2016 00:40;Strada Urbana;LUNGOTEVERE AVENTINO;all'intersezione semaforizzata con;VIA DI S. MARIA IN COSMEDIN;VIA DI S. MARIA IN COSMEDIN;;;Scontro laterale fra veicoli in marcia;Intersezione semaforizzata;Una carreggiata a senso unico di marcia;Asciutto;Asfaltata;Orizzontale;Sereno;Scarso;Sufficiente;Sufficiente;0;0;0;6;12.47894;41.88549;-1;1;Ciclomotore;In marcia / fermata / arresto;Conducente;F;Illeso;0;;Non accertato;
2743026;1;20/03/2016 00:40;Strada Urbana;LUNGOTEVERE AVENTINO;all'intersezione semaforizzata con;VIA DI S. MARIA IN COSMEDIN;VIA DI S. MARIA IN COSMEDIN;;;Scontro laterale fra veicoli in marcia;Intersezione semaforizzata;Una carreggiata a senso unico di marcia;Asciutto;Asfaltata;Orizzontale;Sereno;Scarso;Sufficiente;Sufficiente;0;0;0;6;12.47894;41.88549;-1;2;Autovettura privata;In marcia / fermata / arresto;Conducente;M;Illeso;0;;Non accertato;Inesploso
2743026;1;20/03/2016 00:40;Strada Urbana;LUNGOTEVERE AVENTINO;all'intersezione semaforizzata con;VIA DI S. MARIA IN COSMEDIN;VIA DI S. MARIA IN COSMEDIN;;;Scontro laterale fra veicoli in marcia;Intersezione semaforizzata;Una carreggiata a senso unico di marcia;Asciutto;Asfaltata;Orizzontale;Sereno;Scarso;Sufficiente;Sufficiente;0;0;0;6;12.47894;41.88549;-1;2;Autovettura privata;In marcia / fermata / arresto;Passeggero;F;Illeso;0;;Non accertato;Inesploso
2743026;1;20/03/2016 00:40;Strada Urbana;LUNGOTEVERE AVENTINO;all'intersezione semaforizzata con;VIA DI S. MARIA IN COSMEDIN;VIA DI S. MARIA IN COSMEDIN;;;Scontro laterale fra veicoli in marcia;Intersezione semaforizzata;Una carreggiata a senso unico di marcia;Asciutto;Asfaltata;Orizzontale;Sereno;Scarso;Sufficiente;Sufficiente;0;0;0;6;12.47894;41.88549;-1;2;Autovettura privata;In marcia / fermata / arresto;Passeggero;M;Illeso;0;;Non accertato;
2743026;1;20/03/2016 00:40;Strada Urbana;LUNGOTEVERE AVENTINO;all'intersezione semaforizzata con;VIA DI S. MARIA IN COSMEDIN;VIA DI S. MARIA IN COSMEDIN;;;Scontro laterale fra veicoli in marcia;Intersezione semaforizzata;Una carreggiata a senso unico di marcia;Asciutto;Asfaltata;Orizzontale;Sereno;Scarso;Sufficiente;Sufficiente;0;0;0;6;12.47894;41.88549;-1;2;Autovettura privata;In marcia / fermata / arresto;Passeggero;M;Illeso;0;;Non accertato;Inesploso
2743026;1;20/03/2016 00:40;Strada Urbana;LUNGOTEVERE AVENTINO;all'intersezione semaforizzata con;VIA DI S. MARIA IN COSMEDIN;VIA DI S. MARIA IN COSMEDIN;;;Scontro laterale fra veicoli in marcia;Intersezione semaforizzata;Una carreggiata a senso unico di marcia;Asciutto;Asfaltata;Orizzontale;Sereno;Scarso;Sufficiente;Sufficiente;0;0;0;6;12.47894;41.88549;-1;2;Autovettura privata;In marcia / fermata / arresto;Passeggero;F;Illeso;0;;Non accertato;Inesploso
2743032;16;20/03/2016 13:40;Strada Urbana;VIA GIORGIO BOLOGNETTI;in corrispondenza;;del civico n.;9;;Veicolo in marcia contro veicolo in sosta;Rettilineo;Una carreggiata a senso unico di marcia;Asciutto;Asfaltata;Verticale ed orizzontale;Sereno;Scarso;Buona;Ore Diurne;0;0;0;3;12.45027;41.87008;-1;1;Autovettura privata;In marcia / fermata / arresto;Conducente;M;Illeso;0;;Non accertato;Inesploso
2743032;16;20/03/2016 13:40;Strada Urbana;VIA GIORGIO BOLOGNETTI;in corrispondenza;;del civico n.;9;;Veicolo in marcia contro veicolo in sosta;Rettilineo;Una carreggiata a senso unico di marcia;Asciutto;Asfaltata;Verticale ed orizzontale;Sereno;Scarso;Buona;Ore Diurne;0;0;0;3;12.45027;41.87008;-1;1;Autovettura privata;In marcia / fermata / arresto;Passeggero;M;Illeso;0;;Non accertato;Inesploso
2743032;16;20/03/2016 13:40;Strada Urbana;VIA GIORGIO BOLOGNETTI;in corrispondenza;;del civico n.;9;;Veicolo in marcia contro veicolo in sosta;Rettilineo;Una carreggiata a senso unico di marcia;Asciutto;Asfaltata;Verticale ed orizzontale;Sereno;Scarso;Buona;Ore Diurne;0;0;0;3;12.45027;41.87008;-1;1;Autovettura privata;In marcia / fermata / arresto;Passeggero;F;Illeso;0;;Non accertato;Inesploso
2743044;1;19/03/2016 17:10;Strada Urbana;VIA FARINI;in prossimità;;del civico n.;47;;Scontro laterale fra veicoli in marcia;Rettilineo;Una carreggiata a doppio senso;Asciutto;Asfaltata;Verticale ed orizzontale;Sereno;Normale;Buona;Ore Diurne;0;0;0;4;12.49962;41.89823;-1;1;Autovettura privata;In marcia / fermata / arresto;Conducente;F;Illeso;0;;;Inesploso
2743044;1;19/03/2016 17:10;Strada Urbana;VIA FARINI;in prossimità;;del civico n.;47;;Scontro laterale fra veicoli in marcia;Rettilineo;Una carreggiata a doppio senso;Asciutto;Asfaltata;Verticale ed orizzontale;Sereno;Normale;Buona;Ore Diurne;0;0;0;4;12.49962;41.89823;-1;1;Autovettura privata;In marcia / fermata / arresto;Passeggero;F;Illeso;0;;;
2743044;1;19/03/2016 17:10;Strada Urbana;VIA FARINI;in prossimità;;del civico n.;47;;Scontro laterale fra veicoli in marcia;Rettilineo;Una carreggiata a doppio senso;Asciutto;Asfaltata;Verticale ed orizzontale;Sereno;Normale;Buona;Ore Diurne;0;0;0;4;12.49962;41.89823;-1;2;Vettura tranviaria;In marcia / fermata / arresto;Conducente;M;Illeso;0;;Esente;
2743059;3;19/03/2016 15:00;Strada Urbana;VIA DELLA LEGA LOMBARDA;da specificare;;;;fronte civ. 52;Veicolo in marcia contro ostacolo accidentale;Rettilineo;Una carreggiata a doppio senso;Asciutto;Con buche;Assente;Sereno;Normale;Buona;Ore Diurne;0;0;0;2;12.52501;41.90839;-1;1;Autovettura privata;In marcia / fermata / arresto;Conducente;M;Illeso;0;;Non accertato;Inesploso
2743059;3;19/03/2016 15:00;Strada Urbana;VIA DELLA LEGA LOMBARDA;da specificare;;;;fronte civ. 52;Veicolo in marcia contro ostacolo accidentale;Rettilineo;Una carreggiata a doppio senso;Asciutto;Con buche;Assente;Sereno;Normale;Buona;Ore Diurne;0;0;0;2;12.52501;41.90839;-1;1;Autovettura privata;In marcia / fermata / arresto;Passeggero;F;Illeso;0;;Non accertato;
2743060;3;20/03/2016 06:00;Strada Urbana;VIA DEI RAMNI;da specificare;;;;fronte civ. 34;Veicolo in marcia contro veicoli in sosta;Rettilineo;Due carreggiate;Asciutto;Asfaltata;Verticale ed orizzontale;Sereno;Scarso;Buona;Ore Diurne;3;0;0;1;12.51142;41.89948;-1;1;Autovettura privata;In marcia / fermata / arresto;Conducente;M;Rimandato;0;NON DECEDUTO;Non accertato;Inesploso
2743060;3;20/03/2016 06:00;Strada Urbana;VIA DEI RAMNI;da specificare;;;;fronte civ. 34;Veicolo in marcia contro veicoli in sosta;Rettilineo;Due carreggiate;Asciutto;Asfaltata;Verticale ed orizzontale;Sereno;Scarso;Buona;Ore Diurne;3;0;0;1;12.51142;41.89948;-1;1;Autovettura privata;In marcia / fermata / arresto;Passeggero;M;Rimandato;0;NON DECEDUTO;Non accertato;Inesploso
2743060;3;20/03/2016 06:00;Strada Urbana;VIA DEI RAMNI;da specificare;;;;fronte civ. 34;Veicolo in marcia contro veicoli in sosta;Rettilineo;Due carreggiate;Asciutto;Asfaltata;Verticale ed orizzontale;Sereno;Scarso;Buona;Ore Diurne;3;0;0;1;12.51142;41.89948;-1;1;Autovettura privata;In marcia / fermata / arresto;Passeggero;M;Rimandato;0;NON DECEDUTO;Non accertato;Inesploso
2743060;3;20/03/2016 06:00;Strada Urbana;VIA DEI RAMNI;da specificare;;;;fronte civ. 34;Veicolo in marcia contro veicoli in sosta;Rettilineo;Due carreggiate;Asciutto;Asfaltata;Verticale ed orizzontale;Sereno;Scarso;Buona;Ore Diurne;3;0;0;1;12.51142;41.89948;-1;1;Autovettura privata;In marcia / fermata / arresto;Passeggero;M;Illeso;0;;Non accertato;Inesploso
2743063;6;21/03/2016 13:15;Provinciale entro l'abitato;VIA PRENESTINA;all'intersezione semaforizzata con;VIA ERASMO GATTAMELATA;VIA ERASMO GATTAMELATA;;;Investimento di pedone;Intersezione semaforizzata;Più di due carreggiate;Asciutto;Asfaltata;Verticale ed orizzontale;Nuvoloso;Normale;Buona;Ore Diurne;1;0;0;1;12.53619;41.89232;-1;;;;Pedone;M;Rifiuta cure immediate;0;NON DECEDUTO;;
2743063;6;21/03/2016 13:15;Provinciale entro l'abitato;VIA PRENESTINA;all'intersezione semaforizzata con;VIA ERASMO GATTAMELATA;VIA ERASMO GATTAMELATA;;;Investimento di pedone;Intersezione semaforizzata;Più di due carreggiate;Asciutto;Asfaltata;Verticale ed orizzontale;Nuvoloso;Normale;Buona;Ore Diurne;1;0;0;1;12.53619;41.89232;-1;1;Autovettura privata;In marcia / fermata / arresto;Conducente;M;Illeso;0;;Non accertato;Inesploso