Protocollo;Gruppo;DataOraIncidente;Localizzazione1;STRADA1;Localizzazione2;STRADA2;Strada02;Chilometrica;DaSpecificare;NaturaIncidente;particolaritastrade;TipoStrada;FondoStradale;Pavimentazione;Segnaletica;CondizioneAtmosferica;Traffico;Visibilita;Illuminazione;NUM_FERITI;NUM_RISERVATA;NUM_MORTI;NUM_ILLESI;Longitudine;Latitudine;Confermato;Progressivo;TipoVeicolo;StatoVeicolo;TipoPersona;Sesso;Tipolesione;Deceduto;DecedutoDopo;CinturaCascoUtilizzato;Airbag
2744096;1;20/03/2016 05:30;Strada Urbana;PIAZZA ALBANIA;all'intersezione semaforizzata con;VIA DI S. PRISCA;VIA DI S. PRISCA;;;Scontro laterale fra veicoli in marcia;Intersezione semaforizzata;Più di due carreggiate;Asciutto;Asfaltata;Verticale ed orizzontale;Sereno;Scarso;Buona;Ore Diurne;0;0;0;2;12.48334;41.88011;-1;1;Autovettura privata;In marcia / fermata / arresto;Conducente;F;Illeso;0;;Non accertato;
2744096;1;20/03/2016 05:30;Strada Urbana;PIAZZA ALBANIA;all'intersezione semaforizzata con;VIA DI S. PRISCA;VIA DI S. PRISCA;;;Scontro laterale fra veicoli in marcia;Intersezione semaforizzata;Più di due carreggiate;Asciutto;Asfaltata;Verticale ed orizzontale;Sereno;Scarso;Buona;Ore Diurne;0;0;0;2;12.48334;41.88011;-1;2;Autovettura privata;In marcia / fermata / arresto;Conducente;M;Illeso;0;;Non accertato;
2744105;4;21/03/2016 12:55;Provinciale entro l'abitato;VIA NOMENTANA;all'intersezione semaforizzata con;VIA VAL D'AOSTA;VIA VAL D'AOSTA;;;Veicolo in marcia contro ostacolo fisso;Incrocio;Una carreggiata a doppio senso;Asciutto;Asfaltata;Verticale ed orizzontale;Nuvoloso;Normale;Buona;Ore Diurne;0;0;0;1;12.52698;41.9307;-1;1;Motociclo a solo;In marcia / fermata / arresto;Conducente;M;Illeso;0;;Non accertato;
2744156;4;21/03/2016 10:00;Strada Urbana;VIA VAL DI LANZO;all'intersezione semaforizzata con;VIA VAL SANTERNO;VIA VAL SANTERNO;;;Investimento di pedone;Intersezione semaforizzata;Una carreggiata a senso unico di marcia;Asciutto;Asfaltata;Verticale ed orizzontale;Sereno;Normale;Buona;Ore Diurne;1;0;0;1;12.52645;41.94213;-1;;;;Pedone;F;Rimandato;0;NON DECEDUTO;;
2744156;4;21/03/2016 10:00;Strada Urbana;VIA VAL DI LANZO;all'intersezione semaforizzata con;VIA VAL SANTERNO;VIA VAL SANTERNO;;;Investimento di pedone;Intersezione semaforizzata;Una carreggiata a senso unico di marcia;Asciutto;Asfaltata;Verticale ed orizzontale;Sereno;Normale;Buona;Ore Diurne;1;0;0;1;12.52645;41.94213;-1;1;Autovettura privata;In marcia / fermata / arresto;Conducente;M;Illeso;0;;Non accertato;Inesploso
2744171;1;20/03/2016 10:40;Strada Urbana;PONTE PALATINO;da specificare;;;;ALTEZZA DI LUNGOTEVERE RIPA;Tamponamento;Curva a visuale libera;Una carreggiata a senso unico di marcia;Asciutto;Asfaltata;Verticale ed orizzontale;Sereno;Scarso;Buona;Ore Diurne;0;0;0;3;12.47906;41.88915;-1;1;Autovettura privata;In marcia / fermata / arresto;Conducente;F;Illeso;0;;Non accertato;
2744171;1;20/03/2016 10:40;Strada Urbana;PONTE PALATINO;da specificare;;;;ALTEZZA DI LUNGOTEVERE RIPA;Tamponamento;Curva a visuale libera;Una carreggiata a senso unico di marcia;Asciutto;Asfaltata;Verticale ed orizzontale;Sereno;Scarso;Buona;Ore Diurne;0;0;0;3;12.47906;41.88915;-1;1;Autovettura privata;In marcia / fermata / arresto;Passeggero;F;Illeso;0;;Non accertato;Inesploso
2744171;1;20/03/2016 10:40;Strada Urbana;PONTE PALATINO;da specificare;;;;ALTEZZA DI LUNGOTEVERE RIPA;Tamponamento;Curva a visuale libera;Una carreggiata a senso unico di marcia;Asciutto;Asfaltata;Verticale ed orizzontale;Sereno;Scarso;Buona;Ore Diurne;0;0;0;3;12.47906;41.88915;-1;2;Autovettura privata;In marcia / fermata / arresto;Conducente;F;Illeso;0;;Non accertato;Inesploso
2744213;1;21/03/2016 01:00;Strada Urbana;VIA DEL VIMINALE;all'intersezione con;VIA TORINO;VIA TORINO;;;Scontro frontale/laterale DX fra veicoli in marcia;Incrocio;Una carreggiata a senso unico di marcia;Asciutto;Asfaltata;Verticale ed orizzontale;Sereno;Scarso;Sufficiente;Sufficiente;1;0;0;1;12.49615;41.90048;-1;1;Autovettura privata;In marcia / fermata / arresto;Conducente;M;Illeso;0;;Non accertato;
2744213;1;21/03/2016 01:00;Strada Urbana;VIA DEL VIMINALE;all'intersezione con;VIA TORINO;VIA TORINO;;;Scontro frontale/laterale DX fra veicoli in marcia;Incrocio;Una carreggiata a senso unico di marcia;Asciutto;Asfaltata;Verticale ed orizzontale;Sereno;Scarso;Sufficiente;Sufficiente;1;0;0;1;12.49615;41.90048;-1;2;Autovettura privata;In marcia / fermata / arresto;Conducente;M;Rimandato;0;NON DECEDUTO;Non accertato;
2744235;1;21/03/2016 09:50;Strada Urbana;VIALE DELLE TERME DI CARACALLA;all'intersezione semaforizzata con;PIAZZA DI PORTA CAPENA;PIAZZA DI PORTA CAPENA;;;Scontro laterale fra veicoli in marcia;Intersezione semaforizzata;Una carreggiata a senso unico di marcia;Asciutto;Asfaltata;Verticale ed orizzontale;Sereno;Normale;Buona;Ore Diurne;2;0;0;1;12.49516;41.87849;-1;1;Autocarro inferiore 35 q.;In marcia / fermata / arresto;Conducente;M;Illeso;0;;Non accertato;Inesploso
2744235;1;21/03/2016 09:50;Strada Urbana;VIALE DELLE TERME DI CARACALLA;all'intersezione semaforizzata con;PIAZZA DI PORTA CAPENA;PIAZZA DI PORTA CAPENA;;;Scontro laterale fra veicoli in marcia;Intersezione semaforizzata;Una carreggiata a senso unico di marcia;Asciutto;Asfaltata;Verticale ed orizzontale;Sereno;Normale;Buona;Ore Diurne;2;0;0;1;12.49516;41.87849;-1;2;Motociclo a solo;In marcia / fermata / arresto;Conducente;M;Rimandato;0;NON DECEDUTO;Non accertato;
2744235;1;21/03/2016 09:50;Strada Urbana;VIALE DELLE TERME DI CARACALLA;all'intersezione semaforizzata con;PIAZZA DI PORTA CAPENA;PIAZZA DI PORTA CAPENA;;;Scontro laterale fra veicoli in marcia;Intersezione semaforizzata;Una carreggiata a senso unico di marcia;Asciutto;Asfaltata;Verticale ed orizzontale;Sereno;Normale;Buona;Ore Diurne;2;0;0;1;12.49516;41.87849;-1;3;Motociclo a solo;In marcia / fermata / arresto;Conducente;M;Ricoverato;0;NON DECEDUTO;Non accertato;
2744286;1;21/03/2016 11:00;Strada Urbana;VIA PIEMONTE;all'intersezione con;VIA BONCOMPAGNI;VIA BONCOMPAGNI;;;Tamponamento;Incrocio;Una carreggiata a senso unico di marcia;Asciutto;Asfaltata;Verticale ed orizzontale;Sereno;Normale;Buona;Ore Diurne;1;0;0;1;12.49353;41.90839;-1;1;Autovettura privata;In marcia / fermata / arresto;Conducente;M;Illeso;0;;Non accertato;
2744286;1;21/03/2016 11:00;Strada Urbana;VIA PIEMONTE;all'intersezione con;VIA BONCOMPAGNI;VIA BONCOMPAGNI;;;Tamponamento;Incrocio;Una carreggiata a senso unico di marcia;Asciutto;Asfaltata;Verticale ed orizzontale;Sereno;Normale;Buona;Ore Diurne;1;0;0;1;12.49353;41.90839;-1;2;Autovettura privata;In marcia / fermata / arresto;Conducente;M;Rimandato;0;NON DECEDUTO;Non accertato;
2744311;1;21/03/2016 15:45;Strada Urbana;VIA ELENIANA;all'intersezione con;VIA SEBASTIANO GRANDIS;VIA SEBASTIANO GRANDIS;;;Veicolo in marcia contro ostacolo accidentale;Intersezione stradale segnalata;Più di due carreggiate;Asciutto;Asfaltata;Verticale ed orizzontale;Sereno;Intenso;Buona;Ore Diurne;0;0;0;5;12.51459;41.8906;-1;1;Autovettura privata;In marcia / fermata / arresto;Conducente;F;Illeso;0;;Non accertato;
2744311;1;21/03/2016 15:45;Strada Urbana;VIA ELENIANA;all'intersezione con;VIA SEBASTIANO GRANDIS;VIA SEBASTIANO GRANDIS;;;Veicolo in marcia contro ostacolo accidentale;Intersezione stradale segnalata;Più di due carreggiate;Asciutto;Asfaltata;Verticale ed orizzontale;Sereno;Intenso;Buona;Ore Diurne;0;0;0;5;12.51459;41.8906;-1;1;Autovettura privata;In marcia / fermata / arresto;Passeggero;F;Illeso;0;;;
2744311;1;21/03/2016 15:45;Strada Urbana;VIA ELENIANA;all'intersezione con;VIA SEBASTIANO GRANDIS;VIA SEBASTIANO GRANDIS;;;Veicolo in marcia contro ostacolo accidentale;Intersezione stradale segnalata;Più di due carreggiate;Asciutto;Asfaltata;Verticale ed orizzontale;Sereno;Intenso;Buona;Ore Diurne;0;0;0;5;12.51459;41.8906;-1;1;Autovettura privata;In marcia / fermata / arresto;Passeggero;F;Illeso;0;;Non accertato;
2744311;1;21/03/2016 15:45;Strada Urbana;VIA ELENIANA;all'intersezione con;VIA SEBASTIANO GRANDIS;VIA SEBASTIANO GRANDIS;;;Veicolo in marcia contro ostacolo accidentale;Intersezione stradale segnalata;Più di due carreggiate;Asciutto;Asfaltata;Verticale ed orizzontale;Sereno;Intenso;Buona;Ore Diurne;0;0;0;5;12.51459;41.8906;-1;2;Autocarro inferiore 35 q.;In marcia / fermata / arresto;Conducente;M;Illeso;0;;Non accertato;
2744311;1;21/03/2016 15:45;Strada Urbana;VIA ELENIANA;all'intersezione con;VIA SEBASTIANO GRANDIS;VIA SEBASTIANO GRANDIS;;;Veicolo in marcia contro ostacolo accidentale;Intersezione stradale segnalata;Più di due carreggiate;Asciutto;Asfaltata;Verticale ed orizzontale;Sereno;Intenso;Buona;Ore Diurne;0;0;0;5;12.51459;41.8906;-1;2;Autocarro inferiore 35 q.;In marcia / fermata / arresto;Passeggero;M;Illeso;0;;Non accertato;
2744440;9;22/03/2016 13:00;Strada Urbana;VIA GALLIA;in prossimità;;del civico n.;67;;Scontro laterale fra veicoli in marcia;Rettilineo;Una carreggiata a doppio senso;Asciutto;Asfaltata;Verticale ed orizzontale;Sereno;Normale;Buona;Ore Diurne;0;0;0;4;12.50444;41.88095;-1;1;Autovettura privata;In marcia / fermata / arresto;Conducente;M;Illeso;0;;Non accertato;Inesploso
2744440;9;22/03/2016 13:00;Strada Urbana;VIA GALLIA;in prossimità;;del civico n.;67;;Scontro laterale fra veicoli in marcia;Rettilineo;Una carreggiata a doppio senso;Asciutto;Asfaltata;Verticale ed orizzontale;Sereno;Normale;Buona;Ore Diurne;0;0;0;4;12.50444;41.88095;-1;1;Autovettura privata;In marcia / fermata / arresto;Passeggero;M;Illeso;0;;Non accertato;Inesploso
2744440;9;22/03/2016 13:00;Strada Urbana;VIA GALLIA;in prossimità;;del civico n.;67;;Scontro laterale fra veicoli in marcia;Rettilineo;Una carreggiata a doppio senso;Asciutto;Asfaltata;Verticale ed orizzontale;Sereno;Normale;Buona;Ore Diurne;0;0;0;4;12.50444;41.88095;-1;2;Autovettura privata;In marcia / fermata / arresto;Conducente;F;Illeso;0;;Non accertato;Inesploso
2744440;9;22/03/2016 13:00;Strada Urbana;VIA GALLIA;in prossimità;;del civico n.;67;;Scontro laterale fra veicoli in marcia;Rettilineo;Una carreggiata a doppio senso;Asciutto;Asfaltata;Verticale ed orizzontale;Sereno;Normale;Buona;Ore Diurne;0;0;0;4;12.50444;41.88095;-1;2;Autovettura privata;In marcia / fermata / arresto;Passeggero;F;Illeso;0;;Non accertato;Inesploso
2744485;1;22/03/2016 08:20;Strada Urbana;VIA DEL LAVATORE;in corrispondenza;;del civico n.;31/a;;Investimento di pedone;Rettilineo;Una carreggiata a senso unico di marcia;Asciutto;Lastricata;Assente;Sereno;Scarso;Buona;Ore Diurne;1;0;0;1;12.48448;41.90114;-1;;;;Pedone;M;Rimandato;0;NON DECEDUTO;;
2744485;1;22/03/2016 08:20;Strada Urbana;VIA DEL LAVATORE;in corrispondenza;;del civico n.;31/a;;Investimento di pedone;Rettilineo;Una carreggiata a senso unico di marcia;Asciutto;Lastricata;Assente;Sereno;Scarso;Buona;Ore Diurne;1;0;0;1;12.48448;41.90114;-1;1;Autovettura privata;In marcia / fermata / arresto;Conducente;M;Illeso;0;;;
2744489;18;22/03/2016 09:10;Strada Urbana;VIA DI BOCCEA;all'intersezione con;LARGO GREGORIO XIII;LARGO GREGORIO XIII;;;Scontro laterale fra veicoli in marcia;Intersezione stradale segnalata;Una carreggiata a doppio senso;Asciutto;Asfaltata;Verticale ed orizzontale;Sereno;Intenso;Buona;Ore Diurne;0;0;0;2;12.41868;41.90372;-1;1;Autovettura privata;In marcia / fermata / arresto;Conducente;M;Illeso;0;;;
2744489;18;22/03/2016 09:10;Strada Urbana;VIA DI BOCCEA;all'intersezione con;LARGO GREGORIO XIII;LARGO GREGORIO XIII;;;Scontro laterale fra veicoli in marcia;Intersezione stradale segnalata;Una carreggiata a doppio senso;Asciutto;Asfaltata;Verticale ed orizzontale;Sereno;Intenso;Buona;Ore Diurne;0;0;0;2;12.41868;41.90372;-1;2;Autovettura privata;In marcia / fermata / arresto;Conducente;F;Illeso;0;;;
2744494;1;21/03/2016 19:20;Strada Urbana;VIALE CASTRO PRETORIO;in corrispondenza;;del civico n.;90;;Scontro laterale fra veicoli in marcia;Rettilineo;Una carreggiata a doppio senso;Asciutto;Asfaltata;Verticale ed orizzontale;Nuvoloso;Normale;Buona;Sufficiente;1;0;0;1;12.50551;41.90558;-1;1;Autovettura privata;In marcia / fermata / arresto;Conducente;M;Illeso;0;;;
2744494;1;21/03/2016 19:20;Strada Urbana;VIALE CASTRO PRETORIO;in corrispondenza;;del civico n.;90;;Scontro laterale fra veicoli in marcia;Rettilineo;Una carreggiata a doppio senso;Asciutto;Asfaltata;Verticale ed orizzontale;Nuvoloso;Normale;Buona;Sufficiente;1;0;0;1;12.50551;41.90558;-1;2;Motociclo a solo;In marcia / fermata / arresto;Conducente;M;Rimandato;0;NON DECEDUTO;;
2744502;18;22/03/2016 11:00;Strada Urbana;VIA DEI MONTI DI CRETA;in prossimità;;del civico n.;117;;Veicolo in marcia contro veicoli in sosta;Rettilineo;Una carreggiata a senso unico di marcia;Asciutto;Asfaltata;Verticale ed orizzontale;Sereno;Normale;Buona;Ore Diurne;0;0;0;2;12.43107;41.90212;-1;1;Autovettura privata;Allontanatosi;Conducente;M;Illeso;0;;Non accertato;Inesploso
2744502;18;22/03/2016 11:00;Strada Urbana;VIA DEI MONTI DI CRETA;in prossimità;;del civico n.;117;;Veicolo in marcia contro veicoli in sosta;Rettilineo;Una carreggiata a senso unico di marcia;Asciutto;Asfaltata;Verticale ed orizzontale;Sereno;Normale;Buona;Ore Diurne;0;0;0;2;12.43107;41.90212;-1;2;Autovettura privata;In marcia / fermata / arresto;Conducente;F;Illeso;0;;;
2744543;7;22/03/2016 15:00;Strada Urbana;VIA CASILINA;all'intersezione semaforizzata con;VIA TOR DE' SCHIAVI;VIA TOR DE' SCHIAVI;;;Tamponamento;Incrocio;Due carreggiate;Asciutto;Asfaltata;Verticale ed orizzontale;Nuvoloso;Normale;Buona;Ore Diurne;0;0;0;2;12.56426;41.87487;-1;1;Autovettura privata;In marcia / fermata / arresto;Conducente;M;Illeso;0;;Non accertato;Inesploso
2744543;7;22/03/2016 15:00;Strada Urbana;VIA CASILINA;all'intersezione semaforizzata con;VIA TOR DE' SCHIAVI;VIA TOR DE' SCHIAVI;;;Tamponamento;Incrocio;Due carreggiate;Asciutto;Asfaltata;Verticale ed orizzontale;Nuvoloso;Normale;Buona;Ore Diurne;0;0;0;2;12.56426;41.87487;-1;2;Autovettura privata;In marcia / fermata / arresto;Conducente;M;Illeso;0;;Non accertato;Inesploso
2744550;1;22/03/2016 08:35;Strada Urbana;VIA LUIGI PETROSELLI;in corrispondenza;;del civico n.;45;;Scontro laterale fra veicoli in marcia;Rettilineo;Una carreggiata a doppio senso;Asciutto;In cubetti di porfido;Verticale ed orizzontale;Sereno;Normale;Buona;Ore Diurne;0;0;0;2;12.48107;41.89028;-1;1;Autovettura privata;In marcia / fermata / arresto;Conducente;F;Illeso;0;;;
2744550;1;22/03/2016 08:35;Strada Urbana;VIA LUIGI PETROSELLI;in corrispondenza;;del civico n.;45;;Scontro laterale fra veicoli in marcia;Rettilineo;Una carreggiata a doppio senso;Asciutto;In cubetti di porfido;Verticale ed orizzontale;Sereno;Normale;Buona;Ore Diurne;0;0;0;2;12.48107;41.89028;-1;2;Motociclo a solo;In marcia / fermata / arresto;Conducente;F;Illeso;0;;;
2744557;2;22/03/2016 13:20;Strada Urbana;VIA LUISA DI SAVOIA;in corrispondenza;;del civico n.;12;;Tamponamento;Rettilineo;Due carreggiate;Asciutto;Asfaltata;Verticale ed orizzontale;Sereno;Normale;Buona;Ore Diurne;1;0;0;1;12.474;41.9114;-1;1;Autovettura privata;In marcia / fermata / arresto;Conducente;M;Illeso;0;;Non accertato;Inesploso
2744557;2;22/03/2016 13:20;Strada Urbana;VIA LUISA DI SAVOIA;in corrispondenza;;del civico n.;12;;Tamponamento;Rettilineo;Due carreggiate;Asciutto;Asfaltata;Verticale ed orizzontale;Sereno;Normale;Buona;Ore Diurne;1;0;0;1;12.474;41.9114;-1;2;Autovettura privata;In marcia / fermata / arresto;Conducente;F;Rifiuta cure immediate;0;NON DECEDUTO;Non accertato;Inesploso
2744563;20;22/03/2016 13:45;Strada Urbana;LUNGOTEVERE MARESCIALLO DIAZ;all'intersezione semaforizzata con;VIALE ANTONINO DI SAN GIULIANO;VIALE ANTONINO DI SAN GIULIANO;;;Scontro frontale/laterale SX fra veicoli in marcia;Intersezione semaforizzata;Due carreggiate;Asciutto;Asfaltata;Verticale ed orizzontale;Nuvoloso;Normale;Buona;Ore Diurne;1;0;0;1;12.46195;41.93395;-1;1;Autovettura privata;In marcia / fermata / arresto;Conducente;M;Illeso;0;;Non accertato;
2744563;20;22/03/2016 13:45;Strada Urbana;LUNGOTEVERE MARESCIALLO DIAZ;all'intersezione semaforizzata con;VIALE ANTONINO DI SAN GIULIANO;VIALE ANTONINO DI SAN GIULIANO;;;Scontro frontale/laterale SX fra veicoli in marcia;Intersezione semaforizzata;Due carreggiate;Asciutto;Asfaltata;Verticale ed orizzontale;Nuvoloso;Normale;Buona;Ore Diurne;1;0;0;1;12.46195;41.93395;-1;2;Motociclo a solo;In marcia / fermata / arresto;Conducente;F;Rimandato;0;NON DECEDUTO;;
2744566;1;19/03/2016 00:50;Strada Urbana;LARGO DEL TRITONE;all'intersezione con;VIA DEL TRITONE;VIA DEL TRITONE;;;Scontro laterale fra veicoli in marcia;Incrocio;Una carreggiata a senso unico di marcia;Asciutto;Asfaltata;Verticale ed orizzontale;Sereno;Scarso;Buona;Sufficiente;0;0;0;2;12.48599;41.90296;-1;1;Autovettura pubblica;In marcia / fermata / arresto;Conducente;M;Illeso;0;;Non accertato;
2744566;1;19/03/2016 00:50;Strada Urbana;LARGO DEL TRITONE;all'intersezione con;VIA DEL TRITONE;VIA DEL TRITONE;;;Scontro laterale fra veicoli in marcia;Incrocio;Una carreggiata a senso unico di marcia;Asciutto;Asfaltata;Verticale ed orizzontale;Sereno;Scarso;Buona;Sufficiente;0;0;0;2;12.48599;41.90296;-1;2;Autovettura privata;In marcia / fermata / arresto;Conducente;M;Illeso;0;;Non accertato;Inesploso
2744651;16;18/03/2016 11:05;Strada Urbana;VIA DEL VASCELLO;in prossimità;;del civico n.;fc 20;;Scontro frontale/laterale DX fra veicoli in marcia;Rettilineo;Una carreggiata a doppio senso;Asciutto;In cubetti di porfido;Verticale;Nuvoloso;Normale;Buona;Ore Diurne;0;0;0;2;12.49637;41.90278;-1;1;Motociclo con passeggero;In marcia / fermata / arresto;Conducente;F;Illeso;0;;Non accertato;
2744651;16;18/03/2016 11:05;Strada Urbana;VIA DEL VASCELLO;in prossimità;;del civico n.;fc 20;;Scontro frontale/laterale DX fra veicoli in marcia;Rettilineo;Una carreggiata a doppio senso;Asciutto;In cubetti di porfido;Verticale;Nuvoloso;Normale;Buona;Ore Diurne;0;0;0;2;12.49637;41.90278;-1;2;Motociclo a solo;In marcia / fermata / arresto;Conducente;M;Illeso;0;;Non accertato;
2744664;10;22/03/2016 16:00;Strada Urbana;VIA ANAGNINA;all'intersezione semaforizzata con;VIA DELLA STAZIONE DI CIAMPINO;VIA DELLA STAZIONE DI CIAMPINO;;;Scontro frontale fra veicoli in marcia;Intersezione semaforizzata;Due carreggiate;Asciutto;Asfaltata;Verticale ed orizzontale;Nuvoloso;Normale;Buona;Ore Diurne;2;0;0;1;12.61842;41.81533;-1;1;Autovettura privata;In marcia / fermata / arresto;Conducente;M;Illeso;0;;Non accertato;Inesploso
2744664;10;22/03/2016 16:00;Strada Urbana;VIA ANAGNINA;all'intersezione semaforizzata con;VIA DELLA STAZIONE DI CIAMPINO;VIA DELLA STAZIONE DI CIAMPINO;;;Scontro frontale fra veicoli in marcia;Intersezione semaforizzata;Due carreggiate;Asciutto;Asfaltata;Verticale ed orizzontale;Nuvoloso;Normale;Buona;Ore Diurne;2;0;0;1;12.61842;41.81533;-1;2;Autovettura privata;In marcia / fermata / arresto;Conducente;M;Rimandato;0;NON DECEDUTO;Non accertato;Inesploso
2744664;10;22/03/2016 16:00;Strada Urbana;VIA ANAGNINA;all'intersezione semaforizzata con;VIA DELLA STAZIONE DI CIAMPINO;VIA DELLA STAZIONE DI CIAMPINO;;;Scontro frontale fra veicoli in marcia;Intersezione semaforizzata;Due carreggiate;Asciutto;Asfaltata;Verticale ed orizzontale;Nuvoloso;Normale;Buona;Ore Diurne;2;0;0;1;12.61842;41.81533;-1;2;Autovettura privata;In marcia / fermata / arresto;Passeggero;F;Rifiuta cure immediate;0;NON DECEDUTO;Non accertato;Inesploso
2744728;2;22/03/2016 12:00;Strada Urbana;VIA SALARIA;in corrispondenza;;del civico n.;181;;Scontro frontale/laterale SX fra veicoli in marcia;Rettilineo;Una carreggiata a doppio senso;Asciutto;Asfaltata;Verticale ed orizzontale;Sereno;Normale;Buona;Ore Diurne;0;0;0;3;12.49718;41.91801;-1;1;Autovettura pubblica;In marcia / fermata / arresto;Conducente;M;Illeso;0;;;
2744728;2;22/03/2016 12:00;Strada Urbana;VIA SALARIA;in corrispondenza;;del civico n.;181;;Scontro frontale/laterale SX fra veicoli in marcia;Rettilineo;Una carreggiata a doppio senso;Asciutto;Asfaltata;Verticale ed orizzontale;Sereno;Normale;Buona;Ore Diurne;0;0;0;3;12.49718;41.91801;-1;2;Motociclo a solo;In marcia / fermata / arresto;Conducente;M;Illeso;0;;;
2744728;2;22/03/2016 12:00;Strada Urbana;VIA SALARIA;in corrispondenza;;del civico n.;181;;Scontro frontale/laterale SX fra veicoli in marcia;Rettilineo;Una carreggiata a doppio senso;Asciutto;Asfaltata;Verticale ed orizzontale;Sereno;Normale;Buona;Ore Diurne;0;0;0;3;12.49718;41.91801;-1;3;Autovettura pubblica;In marcia / fermata / arresto;Conducente;M;Illeso;0;;;
2744789;7;22/03/2016 18:00;Strada Urbana;VIALE PALMIRO TOGLIATTI;in prossimità;;del civico n.;884;;Veicolo in marcia contro ostacolo fisso;Rettilineo;Più di due carreggiate;Asciutto;Strada pavimentata dissestata;Assente;Nuvoloso;Normale;Buona;Ore Diurne;1;0;0;2;12.57422;41.88983;-1;1;Motociclo a solo;In marcia / fermata / arresto;Conducente;M;Illeso;0;;Non accertato;
2744789;7;22/03/2016 18:00;Strada Urbana;VIALE PALMIRO TOGLIATTI;in prossimità;;del civico n.;884;;Veicolo in marcia contro ostacolo fisso;Rettilineo;Più di due carreggiate;Asciutto;Strada pavimentata dissestata;Assente;Nuvoloso;Normale;Buona;Ore Diurne;1;0;0;2;12.57422;41.88983;-1;1;Motociclo a solo;In marcia / fermata / arresto;Passeggero;M;Ricoverato;0;NON DECEDUTO;Non accertato;
2744789;7;22/03/2016 18:00;Strada Urbana;VIALE PALMIRO TOGLIATTI;in prossimità;;del civico n.;884;;Veicolo in marcia contro ostacolo fisso;Rettilineo;Più di due carreggiate;Asciutto;Strada pavimentata dissestata;Assente;Nuvoloso;Normale;Buona;Ore Diurne;1;0;0;2;12.57422;41.88983;-1;2;Motociclo a solo;In marcia / fermata / arresto;Conducente;M;Illeso;0;;;
2744813;12;22/03/2016 14:00;Strada Urbana;VIALE CAMILLO SABATINI;all'intersezione semaforizzata con;VIALE SABATO MARTELLI CASTALDI;VIALE SABATO MARTELLI CASTALDI;;;Scontro laterale fra veicoli in marcia;Intersezione semaforizzata;Due carreggiate;Asciutto;Asfaltata;Verticale ed orizzontale;Nuvoloso;Normale;Buona;Ore Diurne;3;0;0;2;12.44176;41.81957;-1;1;Autovettura privata;In marcia / fermata / arresto;Conducente;M;Rimandato;0;NON DECEDUTO;Utilizzato;Esploso
2744813;12;22/03/2016 14:00;Strada Urbana;VIALE CAMILLO SABATINI;all'intersezione semaforizzata con;VIALE SABATO MARTELLI CASTALDI;VIALE SABATO MARTELLI CASTALDI;;;Scontro laterale fra veicoli in marcia;Intersezione semaforizzata;Due carreggiate;Asciutto;Asfaltata;Verticale ed orizzontale;Nuvoloso;Normale;Buona;Ore Diurne;3;0;0;2;12.44176;41.81957;-1;2;Autovettura privata;In marcia / fermata / arresto;Conducente;M;Rimandato;0;NON DECEDUTO;Non accertato;Inesistente
2744813;12;22/03/2016 14:00;Strada Urbana;VIALE CAMILLO SABATINI;all'intersezione semaforizzata con;VIALE SABATO MARTELLI CASTALDI;VIALE SABATO MARTELLI CASTALDI;;;Scontro laterale fra veicoli in marcia;Intersezione semaforizzata;Due carreggiate;Asciutto;Asfaltata;Verticale ed orizzontale;Nuvoloso;Normale;Buona;Ore Diurne;3;0;0;2;12.44176;41.81957;-1;2;Autovettura privata;In marcia / fermata / arresto;Passeggero;F;Rimandato;0;NON DECEDUTO;;
2744813;12;22/03/2016 14:00;Strada Urbana;VIALE CAMILLO SABATINI;all'intersezione semaforizzata con;VIALE SABATO MARTELLI CASTALDI;VIALE SABATO MARTELLI CASTALDI;;;Scontro laterale fra veicoli in marcia;Intersezione semaforizzata;Due carreggiate;Asciutto;Asfaltata;Verticale ed orizzontale;Nuvoloso;Normale;Buona;Ore Diurne;3;0;0;2;12.44176;41.81957;-1;3;Autocarro inferiore 35 q.;In marcia / fermata / arresto;Conducente;M;Illeso;0;;Utilizzato;Inesploso
2744813;12;22/03/2016 14:00;Strada Urbana;VIALE CAMILLO SABATINI;all'intersezione semaforizzata con;VIALE SABATO MARTELLI CASTALDI;VIALE SABATO MARTELLI CASTALDI;;;Scontro laterale fra veicoli in marcia;Intersezione semaforizzata;Due carreggiate;Asciutto;Asfaltata;Verticale ed orizzontale;Nuvoloso;Normale;Buona;Ore Diurne;3;0;0;2;12.44176;41.81957;-1;4;Autovettura privata;In marcia / fermata / arresto;Conducente;F;Illeso;0;;Utilizzato;Inesploso
2744817;10;22/03/2016 16:18;Strada Urbana;VIA DEI LEVII;in corrispondenza;;del civico n.;34;;Veicolo in marcia contro veicolo fermo;Rettilineo;Una carreggiata a senso unico di marcia;Asciutto;Asfaltata;Orizzontale;Nuvoloso;Normale;Buona;Ore Diurne;0;0;0;3;12.54657;41.86256;-1;1;Motociclo a solo;In marcia / fermata / arresto;Conducente;M;Illeso;0;;Non accertato;
2744817;10;22/03/2016 16:18;Strada Urbana;VIA DEI LEVII;in corrispondenza;;del civico n.;34;;Veicolo in marcia contro veicolo fermo;Rettilineo;Una carreggiata a senso unico di marcia;Asciutto;Asfaltata;Orizzontale;Nuvoloso;Normale;Buona;Ore Diurne;0;0;0;3;12.54657;41.86256;-1;2;Autovettura privata;In marcia / fermata / arresto;Conducente;M;Illeso;0;;Non accertato;Inesploso