Protocollo;Gruppo;DataOraIncidente;Localizzazione1;STRADA1;Localizzazione2;STRADA2;Strada02;Chilometrica;DaSpecificare;NaturaIncidente;particolaritastrade;TipoStrada;FondoStradale;Pavimentazione;Segnaletica;CondizioneAtmosferica;Traffico;Visibilita;Illuminazione;NUM_FERITI;NUM_RISERVATA;NUM_MORTI;NUM_ILLESI;Longitudine;Latitudine;Confermato;Progressivo;TipoVeicolo;StatoVeicolo;TipoPersona;Sesso;Tipolesione;Deceduto;DecedutoDopo;CinturaCascoUtilizzato;Airbag
2747014;16;23/03/2016 12:00;Strada Urbana;PIAZZETTA DEL BEL RESPIRO;da specificare;;;;in prossimità Via del Casaletto;Scontro laterale fra veicoli in marcia;Rettilineo;Due carreggiate;Asciutto;Asfaltata;Orizzontale;Nuvoloso;Normale;Buona;Ore Diurne;1;0;0;1;12.44137;41.87894;-1;1;Autovettura privata;In marcia / fermata / arresto;Conducente;M;Illeso;0;;Non accertato;
2747014;16;23/03/2016 12:00;Strada Urbana;PIAZZETTA DEL BEL RESPIRO;da specificare;;;;in prossimità Via del Casaletto;Scontro laterale fra veicoli in marcia;Rettilineo;Due carreggiate;Asciutto;Asfaltata;Orizzontale;Nuvoloso;Normale;Buona;Ore Diurne;1;0;0;1;12.44137;41.87894;-1;2;Motociclo a solo;In marcia / fermata / arresto;Conducente;M;Rimandato;0;NON DECEDUTO;Non accertato;
2747031;16;23/03/2016 18:10;Strada Urbana;VIA VITELLIA;all'intersezione con;CLIVO RUTARIO;CLIVO RUTARIO;;;Tamponamento;Incrocio;Una carreggiata a doppio senso;Asciutto;Asfaltata;Verticale ed orizzontale;Sereno;Normale;Buona;Ore Diurne;1;0;0;1;12.44845;41.88009;-1;1;Autovettura privata;In marcia / fermata / arresto;Conducente;M;Illeso;0;;Non accertato;Inesploso
2747031;16;23/03/2016 18:10;Strada Urbana;VIA VITELLIA;all'intersezione con;CLIVO RUTARIO;CLIVO RUTARIO;;;Tamponamento;Incrocio;Una carreggiata a doppio senso;Asciutto;Asfaltata;Verticale ed orizzontale;Sereno;Normale;Buona;Ore Diurne;1;0;0;1;12.44845;41.88009;-1;2;Motociclo a solo;In marcia / fermata / arresto;Conducente;M;Rimandato;0;NON DECEDUTO;Non accertato;
2747042;1;22/03/2016 12:00;Strada Urbana;VIA SOMMACAMPAGNA;all'intersezione con;VIA GAETA;VIA GAETA;;;Veicolo in marcia contro ostacolo accidentale;Incrocio;Una carreggiata a senso unico di marcia;Asciutto;Asfaltata;Verticale ed orizzontale;Nuvoloso;Scarso;Buona;Ore Diurne;0;0;0;2;12.50364;41.90642;-1;1;Autovettura privata;In marcia / fermata / arresto;Conducente;F;Illeso;0;;Non accertato;Inesploso
2747042;1;22/03/2016 12:00;Strada Urbana;VIA SOMMACAMPAGNA;all'intersezione con;VIA GAETA;VIA GAETA;;;Veicolo in marcia contro ostacolo accidentale;Incrocio;Una carreggiata a senso unico di marcia;Asciutto;Asfaltata;Verticale ed orizzontale;Nuvoloso;Scarso;Buona;Ore Diurne;0;0;0;2;12.50364;41.90642;-1;2;Autocarro inferiore 35 q.;In marcia / fermata / arresto;Conducente;M;Illeso;0;;Non accertato;Inesploso
2747059;17;23/03/2016 17:00;Strada Urbana;VIA ANGELO EMO;in prossimità;;del civico n.;70;;Tamponamento;Rettilineo;Una carreggiata a doppio senso;Asciutto;Asfaltata;Verticale ed orizzontale;Sereno;Normale;Sufficiente;Ore Diurne;1;0;0;1;12.44683;41.90489;-1;1;Autovettura privata;In marcia / fermata / arresto;Conducente;F;Illeso;0;;;
2747059;17;23/03/2016 17:00;Strada Urbana;VIA ANGELO EMO;in prossimità;;del civico n.;70;;Tamponamento;Rettilineo;Una carreggiata a doppio senso;Asciutto;Asfaltata;Verticale ed orizzontale;Sereno;Normale;Sufficiente;Ore Diurne;1;0;0;1;12.44683;41.90489;-1;2;Motociclo a solo;In marcia / fermata / arresto;Conducente;F;Rimandato;0;NON DECEDUTO;;
2747064;9;24/03/2016 09:50;Strada Urbana;VIA MACEDONIA;in prossimità;;del civico n.;2;;Investimento di pedone;Rettilineo;Una carreggiata a doppio senso;Asciutto;Asfaltata;Verticale ed orizzontale;Nuvoloso;Normale;Buona;Ore Diurne;0;0;0;2;12.51178;41.87372;-1;;;;Pedone;M;Illeso;0;;;
2747064;9;24/03/2016 09:50;Strada Urbana;VIA MACEDONIA;in prossimità;;del civico n.;2;;Investimento di pedone;Rettilineo;Una carreggiata a doppio senso;Asciutto;Asfaltata;Verticale ed orizzontale;Nuvoloso;Normale;Buona;Ore Diurne;0;0;0;2;12.51178;41.87372;-1;1;Autovettura privata;In marcia / fermata / arresto;Conducente;M;Illeso;0;;Utilizzato;Inesploso
2747083;17;23/03/2016 22:40;Strada Urbana;VIA CANDIA;in corrispondenza;;del civico n.;96;;Veicolo in marcia contro ostacolo fisso;Rettilineo;Una carreggiata a senso unico di marcia;Asciutto;Asfaltata;Verticale ed orizzontale;Nuvoloso;Scarso;Sufficiente;Sufficiente;0;0;0;1;12.45156;41.90781;-1;1;Motociclo con passeggero;In marcia / fermata / arresto;Conducente;M;Illeso;0;;;
2747091;12;23/03/2016 18:15;Strada Urbana;VIALE UMBERTO TUPINI;in corrispondenza;;del civico n.;110;;Veicolo in marcia contro veicolo in sosta;Rettilineo;Una carreggiata a doppio senso;Asciutto;Asfaltata;Verticale ed orizzontale;Nuvoloso;Intenso;Buona;Ore Diurne;1;0;0;0;12.46144;41.8324;-1;1;Motociclo a solo;In marcia / fermata / arresto;Conducente;M;Rimandato;0;NON DECEDUTO;Utilizzato;
2747111;4;23/03/2016 12:45;Strada Urbana;VIA VIRGILIO TALLI;da specificare;;;;PROSS. P.ZA B. BULGARELLI;Investimento di pedone;Rettilineo;Una carreggiata a doppio senso;Asciutto;Asfaltata;Verticale ed orizzontale;Sereno;Scarso;Buona;Ore Diurne;1;0;0;2;12.52311;41.96455;-1;;;;Pedone;F;Ricoverato;0;NON DECEDUTO;;
2747111;4;23/03/2016 12:45;Strada Urbana;VIA VIRGILIO TALLI;da specificare;;;;PROSS. P.ZA B. BULGARELLI;Investimento di pedone;Rettilineo;Una carreggiata a doppio senso;Asciutto;Asfaltata;Verticale ed orizzontale;Sereno;Scarso;Buona;Ore Diurne;1;0;0;2;12.52311;41.96455;-1;1;Autocarro inferiore 35 q.;In marcia / fermata / arresto;Conducente;M;Illeso;0;;Non accertato;Inesistente
2747111;4;23/03/2016 12:45;Strada Urbana;VIA VIRGILIO TALLI;da specificare;;;;PROSS. P.ZA B. BULGARELLI;Investimento di pedone;Rettilineo;Una carreggiata a doppio senso;Asciutto;Asfaltata;Verticale ed orizzontale;Sereno;Scarso;Buona;Ore Diurne;1;0;0;2;12.52311;41.96455;-1;1;Autocarro inferiore 35 q.;In marcia / fermata / arresto;Passeggero;F;Illeso;0;;Non accertato;
2747124;17;23/03/2016 15:27;Strada Urbana;VIA COLA DI RIENZO;in prossimità;;del civico n.;255;;Infortunio per caduta del veicolo;Rettilineo;Una carreggiata a doppio senso;Asciutto;Asfaltata;Verticale ed orizzontale;Sereno;Normale;Buona;Ore Diurne;0;0;0;3;12.46196;41.90732;-1;1;Autovettura pubblica;In marcia / fermata / arresto;Conducente;M;Illeso;0;;;
2747124;17;23/03/2016 15:27;Strada Urbana;VIA COLA DI RIENZO;in prossimità;;del civico n.;255;;Infortunio per caduta del veicolo;Rettilineo;Una carreggiata a doppio senso;Asciutto;Asfaltata;Verticale ed orizzontale;Sereno;Normale;Buona;Ore Diurne;0;0;0;3;12.46196;41.90732;-1;2;Motociclo a solo;In marcia / fermata / arresto;Conducente;M;Illeso;0;;;
2747124;17;23/03/2016 15:27;Strada Urbana;VIA COLA DI RIENZO;in prossimità;;del civico n.;255;;Infortunio per caduta del veicolo;Rettilineo;Una carreggiata a doppio senso;Asciutto;Asfaltata;Verticale ed orizzontale;Sereno;Normale;Buona;Ore Diurne;0;0;0;3;12.46196;41.90732;-1;3;Autovettura privata;In marcia / fermata / arresto;Conducente;M;Illeso;0;;;
2747140;11;23/03/2016 16:30;Strada Urbana;VIA GIOVANNI GENOCCHI;in prossimità;;del palo luce n.;6;;Tamponamento;Rettilineo;Una carreggiata a doppio senso;Asciutto;Asfaltata;Verticale ed orizzontale;Nuvoloso;Normale;Buona;Ore Diurne;0;0;0;2;12.49551;41.8593;-1;1;Autovettura privata;In marcia / fermata / arresto;Conducente;F;Illeso;0;;Non accertato;
2747140;11;23/03/2016 16:30;Strada Urbana;VIA GIOVANNI GENOCCHI;in prossimità;;del palo luce n.;6;;Tamponamento;Rettilineo;Una carreggiata a doppio senso;Asciutto;Asfaltata;Verticale ed orizzontale;Nuvoloso;Normale;Buona;Ore Diurne;0;0;0;2;12.49551;41.8593;-1;2;Autovettura privata;In marcia / fermata / arresto;Conducente;M;Illeso;0;;Non accertato;
2747155;8;23/03/2016 09:30;Strada Urbana;VIA DI PASSOLOMBARDO;da specificare;;;;100MT DOPO VIA G. CARLI DIR. TUSCOLANA;Veicolo in marcia contro ostacolo accidentale;Rettilineo;Una carreggiata a doppio senso;Asciutto;Con buche;Verticale ed orizzontale;Nuvoloso;Normale;Buona;Ore Diurne;0;0;0;1;12.62996;41.84402;-1;1;Autovettura privata;In marcia / fermata / arresto;Conducente;F;Illeso;0;;Non accertato;Inesploso
2747157;1;23/03/2016 21:30;Strada Urbana;VIA DI S. MARIA IN COSMEDIN;da specificare;;;;INCROCIO LARGO PETRUCCI;Scontro laterale fra veicoli in marcia;Rettilineo;Una carreggiata a doppio senso;Asciutto;Asfaltata;Verticale ed orizzontale;Sereno;Normale;Buona;Sufficiente;0;0;0;2;12.48115;41.888;-1;1;Autovettura pubblica;In marcia / fermata / arresto;Conducente;F;Illeso;0;;Non accertato;Inesploso
2747157;1;23/03/2016 21:30;Strada Urbana;VIA DI S. MARIA IN COSMEDIN;da specificare;;;;INCROCIO LARGO PETRUCCI;Scontro laterale fra veicoli in marcia;Rettilineo;Una carreggiata a doppio senso;Asciutto;Asfaltata;Verticale ed orizzontale;Sereno;Normale;Buona;Sufficiente;0;0;0;2;12.48115;41.888;-1;2;Autovettura privata;In marcia / fermata / arresto;Conducente;M;Illeso;0;;Non accertato;
2747159;4;24/03/2016 00:30;Strada Urbana;VIALE DELLO SCALO S. LORENZO;in prossimità;;del civico n.;72;;Tamponamento Multiplo;Rettilineo;Due carreggiate;Asciutto;Asfaltata;Verticale ed orizzontale;Sereno;Scarso;Buona;Sufficiente;0;0;0;3;12.51903;41.8962;-1;1;Autovettura privata;In marcia / fermata / arresto;Conducente;M;Illeso;0;;Non accertato;Inesploso
2747159;4;24/03/2016 00:30;Strada Urbana;VIALE DELLO SCALO S. LORENZO;in prossimità;;del civico n.;72;;Tamponamento Multiplo;Rettilineo;Due carreggiate;Asciutto;Asfaltata;Verticale ed orizzontale;Sereno;Scarso;Buona;Sufficiente;0;0;0;3;12.51903;41.8962;-1;2;Autovettura privata;In marcia / fermata / arresto;Conducente;M;Illeso;0;;Non accertato;Inesistente
2747159;4;24/03/2016 00:30;Strada Urbana;VIALE DELLO SCALO S. LORENZO;in prossimità;;del civico n.;72;;Tamponamento Multiplo;Rettilineo;Due carreggiate;Asciutto;Asfaltata;Verticale ed orizzontale;Sereno;Scarso;Buona;Sufficiente;0;0;0;3;12.51903;41.8962;-1;3;Autovettura privata;In marcia / fermata / arresto;Conducente;M;Illeso;0;;Non accertato;Inesistente
2747172;10;24/03/2016 11:35;Statale entro l'abitato;VIA APPIA NUOVA;in prossimità;;del civico n.;1491;;Tamponamento Multiplo;Rettilineo;Una carreggiata a senso unico di marcia;Asciutto;Asfaltata;Orizzontale;Nuvoloso;Normale;Buona;Ore Diurne;0;0;0;8;12.58188;41.8028;-1;1;Autovettura privata;In marcia / fermata / arresto;Conducente;M;Illeso;0;;Non accertato;Inesploso
2747172;10;24/03/2016 11:35;Statale entro l'abitato;VIA APPIA NUOVA;in prossimità;;del civico n.;1491;;Tamponamento Multiplo;Rettilineo;Una carreggiata a senso unico di marcia;Asciutto;Asfaltata;Orizzontale;Nuvoloso;Normale;Buona;Ore Diurne;0;0;0;8;12.58188;41.8028;-1;1;Autovettura privata;In marcia / fermata / arresto;Passeggero;F;Illeso;0;;Non accertato;Inesploso
2747172;10;24/03/2016 11:35;Statale entro l'abitato;VIA APPIA NUOVA;in prossimità;;del civico n.;1491;;Tamponamento Multiplo;Rettilineo;Una carreggiata a senso unico di marcia;Asciutto;Asfaltata;Orizzontale;Nuvoloso;Normale;Buona;Ore Diurne;0;0;0;8;12.58188;41.8028;-1;1;Autovettura privata;In marcia / fermata / arresto;Passeggero;F;Illeso;0;;Non accertato;Inesploso
2747172;10;24/03/2016 11:35;Statale entro l'abitato;VIA APPIA NUOVA;in prossimità;;del civico n.;1491;;Tamponamento Multiplo;Rettilineo;Una carreggiata a senso unico di marcia;Asciutto;Asfaltata;Orizzontale;Nuvoloso;Normale;Buona;Ore Diurne;0;0;0;8;12.58188;41.8028;-1;1;Autovettura privata;In marcia / fermata / arresto;Passeggero;F;Illeso;0;;Non accertato;Inesploso
2747172;10;24/03/2016 11:35;Statale entro l'abitato;VIA APPIA NUOVA;in prossimità;;del civico n.;1491;;Tamponamento Multiplo;Rettilineo;Una carreggiata a senso unico di marcia;Asciutto;Asfaltata;Orizzontale;Nuvoloso;Normale;Buona;Ore Diurne;0;0;0;8;12.58188;41.8028;-1;1;Autovettura privata;In marcia / fermata / arresto;Passeggero;M;Illeso;0;;Non accertato;Inesploso
2747172;10;24/03/2016 11:35;Statale entro l'abitato;VIA APPIA NUOVA;in prossimità;;del civico n.;1491;;Tamponamento Multiplo;Rettilineo;Una carreggiata a senso unico di marcia;Asciutto;Asfaltata;Orizzontale;Nuvoloso;Normale;Buona;Ore Diurne;0;0;0;8;12.58188;41.8028;-1;1;Autovettura privata;In marcia / fermata / arresto;Passeggero;M;Illeso;0;;Non accertato;Inesploso
2747172;10;24/03/2016 11:35;Statale entro l'abitato;VIA APPIA NUOVA;in prossimità;;del civico n.;1491;;Tamponamento Multiplo;Rettilineo;Una carreggiata a senso unico di marcia;Asciutto;Asfaltata;Orizzontale;Nuvoloso;Normale;Buona;Ore Diurne;0;0;0;8;12.58188;41.8028;-1;2;Autovettura privata;In marcia / fermata / arresto;Conducente;M;Illeso;0;;Non accertato;Inesploso
2747172;10;24/03/2016 11:35;Statale entro l'abitato;VIA APPIA NUOVA;in prossimità;;del civico n.;1491;;Tamponamento Multiplo;Rettilineo;Una carreggiata a senso unico di marcia;Asciutto;Asfaltata;Orizzontale;Nuvoloso;Normale;Buona;Ore Diurne;0;0;0;8;12.58188;41.8028;-1;3;Autovettura privata;In marcia / fermata / arresto;Conducente;M;Illeso;0;;Non accertato;Inesploso
2747173;1;24/03/2016 10:50;Strada Urbana;VIA MERULANA;in corrispondenza;;del civico n.;110;;Veicolo in marcia contro ostacolo accidentale;Rettilineo;Una carreggiata a doppio senso;Asciutto;Asfaltata;Verticale ed orizzontale;Nuvoloso;Intenso;Buona;Ore Diurne;0;0;0;3;12.50272;41.89065;-1;1;Autovettura privata;In marcia / fermata / arresto;Conducente;M;Illeso;0;;Non accertato;Inesploso
2747173;1;24/03/2016 10:50;Strada Urbana;VIA MERULANA;in corrispondenza;;del civico n.;110;;Veicolo in marcia contro ostacolo accidentale;Rettilineo;Una carreggiata a doppio senso;Asciutto;Asfaltata;Verticale ed orizzontale;Nuvoloso;Intenso;Buona;Ore Diurne;0;0;0;3;12.50272;41.89065;-1;2;Autovettura privata;In marcia / fermata / arresto;Conducente;M;Illeso;0;;Non accertato;Inesploso
2747173;1;24/03/2016 10:50;Strada Urbana;VIA MERULANA;in corrispondenza;;del civico n.;110;;Veicolo in marcia contro ostacolo accidentale;Rettilineo;Una carreggiata a doppio senso;Asciutto;Asfaltata;Verticale ed orizzontale;Nuvoloso;Intenso;Buona;Ore Diurne;0;0;0;3;12.50272;41.89065;-1;2;Autovettura privata;In marcia / fermata / arresto;Passeggero;M;Illeso;0;;Non accertato;Inesploso
2747176;1;23/03/2016 18:00;Strada Urbana;VIA MERULANA;all'intersezione semaforizzata con;VIA MACHIAVELLI;VIA MACHIAVELLI;;;Scontro frontale/laterale DX fra veicoli in marcia;Intersezione semaforizzata;Una carreggiata a doppio senso;Asciutto;Asfaltata;Verticale ed orizzontale;Nuvoloso;Intenso;Buona;Sufficiente;0;0;0;2;12.50219;41.89162;-1;1;Motociclo a solo;In marcia / fermata / arresto;Conducente;M;Illeso;0;;Non accertato;
2747176;1;23/03/2016 18:00;Strada Urbana;VIA MERULANA;all'intersezione semaforizzata con;VIA MACHIAVELLI;VIA MACHIAVELLI;;;Scontro frontale/laterale DX fra veicoli in marcia;Intersezione semaforizzata;Una carreggiata a doppio senso;Asciutto;Asfaltata;Verticale ed orizzontale;Nuvoloso;Intenso;Buona;Sufficiente;0;0;0;2;12.50219;41.89162;-1;2;Autovettura privata;In marcia / fermata / arresto;Conducente;M;Illeso;0;;;
2747195;1;23/03/2016 19:30;Strada Urbana;VIA PALESTRO;in corrispondenza;;del civico n.;67;;Scontro laterale fra veicoli in marcia;Rettilineo;Una carreggiata a senso unico di marcia;Asciutto;Asfaltata;Verticale ed orizzontale;Sereno;Normale;Buona;Sufficiente;0;0;0;2;12.50497;41.90414;-1;1;Autovettura privata;In marcia / fermata / arresto;Conducente;F;Illeso;0;;Non accertato;Inesploso
2747195;1;23/03/2016 19:30;Strada Urbana;VIA PALESTRO;in corrispondenza;;del civico n.;67;;Scontro laterale fra veicoli in marcia;Rettilineo;Una carreggiata a senso unico di marcia;Asciutto;Asfaltata;Verticale ed orizzontale;Sereno;Normale;Buona;Sufficiente;0;0;0;2;12.50497;41.90414;-1;2;Autovettura privata;In marcia / fermata / arresto;Conducente;M;Illeso;0;;Non accertato;Inesploso
2747201;8;23/03/2016 09:15;Strada Urbana;VIA PIETRO ROMANO;in prossimità;;del civico n.;118;;Veicolo in marcia contro ostacolo accidentale;Rettilineo;Una carreggiata a doppio senso;Asciutto;Con buche;Verticale ed orizzontale;Nuvoloso;Normale;Buona;Ore Diurne;0;0;0;1;12.57576;41.86898;-1;1;Autovettura privata;In marcia / fermata / arresto;Conducente;M;Illeso;0;;Non accertato;Inesploso
2747204;9;24/03/2016 11:45;Strada Urbana;VIA CAMERIA;all'intersezione con;VIALE DELLE MURA LATINE;VIALE DELLE MURA LATINE;;;Scontro frontale/laterale DX fra veicoli in marcia;Incrocio;Una carreggiata a senso unico di marcia;Asciutto;Asfaltata;Verticale ed orizzontale;Sereno;Normale;Buona;Ore Diurne;0;0;0;6;12.50327;41.87544;-1;1;Autovettura privata;In marcia / fermata / arresto;Conducente;M;Illeso;0;;Utilizzato;Inesploso
2747204;9;24/03/2016 11:45;Strada Urbana;VIA CAMERIA;all'intersezione con;VIALE DELLE MURA LATINE;VIALE DELLE MURA LATINE;;;Scontro frontale/laterale DX fra veicoli in marcia;Incrocio;Una carreggiata a senso unico di marcia;Asciutto;Asfaltata;Verticale ed orizzontale;Sereno;Normale;Buona;Ore Diurne;0;0;0;6;12.50327;41.87544;-1;1;Autovettura privata;In marcia / fermata / arresto;Passeggero;M;Illeso;0;;Utilizzato;Inesploso
2747204;9;24/03/2016 11:45;Strada Urbana;VIA CAMERIA;all'intersezione con;VIALE DELLE MURA LATINE;VIALE DELLE MURA LATINE;;;Scontro frontale/laterale DX fra veicoli in marcia;Incrocio;Una carreggiata a senso unico di marcia;Asciutto;Asfaltata;Verticale ed orizzontale;Sereno;Normale;Buona;Ore Diurne;0;0;0;6;12.50327;41.87544;-1;1;Autovettura privata;In marcia / fermata / arresto;Passeggero;F;Illeso;0;;Utilizzato;Inesploso
2747204;9;24/03/2016 11:45;Strada Urbana;VIA CAMERIA;all'intersezione con;VIALE DELLE MURA LATINE;VIALE DELLE MURA LATINE;;;Scontro frontale/laterale DX fra veicoli in marcia;Incrocio;Una carreggiata a senso unico di marcia;Asciutto;Asfaltata;Verticale ed orizzontale;Sereno;Normale;Buona;Ore Diurne;0;0;0;6;12.50327;41.87544;-1;2;Autovettura privata;In marcia / fermata / arresto;Conducente;M;Illeso;0;;;
2747204;9;24/03/2016 11:45;Strada Urbana;VIA CAMERIA;all'intersezione con;VIALE DELLE MURA LATINE;VIALE DELLE MURA LATINE;;;Scontro frontale/laterale DX fra veicoli in marcia;Incrocio;Una carreggiata a senso unico di marcia;Asciutto;Asfaltata;Verticale ed orizzontale;Sereno;Normale;Buona;Ore Diurne;0;0;0;6;12.50327;41.87544;-1;2;Autovettura privata;In marcia / fermata / arresto;Passeggero;F;Illeso;0;;Utilizzato;Inesploso
2747204;9;24/03/2016 11:45;Strada Urbana;VIA CAMERIA;all'intersezione con;VIALE DELLE MURA LATINE;VIALE DELLE MURA LATINE;;;Scontro frontale/laterale DX fra veicoli in marcia;Incrocio;Una carreggiata a senso unico di marcia;Asciutto;Asfaltata;Verticale ed orizzontale;Sereno;Normale;Buona;Ore Diurne;0;0;0;6;12.50327;41.87544;-1;2;Autovettura privata;In marcia / fermata / arresto;Passeggero;F;Illeso;0;;Utilizzato;Inesploso
2747207;16;23/03/2016 19:00;Strada Urbana;VIA AURELIA ANTICA;in corrispondenza;;del civico n.;284;;Scontro frontale/laterale DX fra veicoli in marcia;Rettilineo;Una carreggiata a doppio senso;Asciutto;Asfaltata;Assente;Sereno;Intenso;Buona;Sufficiente;0;1;0;2;12.43746;41.88967;-1;1;Motociclo a solo;In marcia / fermata / arresto;Conducente;F;Illeso;0;;;
2747207;16;23/03/2016 19:00;Strada Urbana;VIA AURELIA ANTICA;in corrispondenza;;del civico n.;284;;Scontro frontale/laterale DX fra veicoli in marcia;Rettilineo;Una carreggiata a doppio senso;Asciutto;Asfaltata;Assente;Sereno;Intenso;Buona;Sufficiente;0;1;0;2;12.43746;41.88967;-1;2;Autovettura privata;In marcia / fermata / arresto;Conducente;M;Illeso;0;;Non accertato;Inesploso
2747207;16;23/03/2016 19:00;Strada Urbana;VIA AURELIA ANTICA;in corrispondenza;;del civico n.;284;;Scontro frontale/laterale DX fra veicoli in marcia;Rettilineo;Una carreggiata a doppio senso;Asciutto;Asfaltata;Assente;Sereno;Intenso;Buona;Sufficiente;0;1;0;2;12.43746;41.88967;-1;3;Motociclo a solo;In marcia / fermata / arresto;Conducente;M;Prognosi riservata;0;NON DECEDUTO;Non accertato;
2747217;6;24/03/2016 11:50;Strada Urbana;VIA ALATRI;in prossimità;;del civico n.;20;;Veicolo in marcia contro veicolo arresto;Rettilineo;Una carreggiata a senso unico di marcia;Asciutto;Asfaltata;Orizzontale;Sereno;Normale;Buona;Ore Diurne;1;0;0;3;12.55896;41.8934;-1;1;Autocarro inferiore 35 q.;In marcia / fermata / arresto;Conducente;M;Illeso;0;;Utilizzato;Inesploso
2747217;6;24/03/2016 11:50;Strada Urbana;VIA ALATRI;in prossimità;;del civico n.;20;;Veicolo in marcia contro veicolo arresto;Rettilineo;Una carreggiata a senso unico di marcia;Asciutto;Asfaltata;Orizzontale;Sereno;Normale;Buona;Ore Diurne;1;0;0;3;12.55896;41.8934;-1;1;Autocarro inferiore 35 q.;In marcia / fermata / arresto;Passeggero;M;Illeso;0;;Non accertato;Inesploso
2747217;6;24/03/2016 11:50;Strada Urbana;VIA ALATRI;in prossimità;;del civico n.;20;;Veicolo in marcia contro veicolo arresto;Rettilineo;Una carreggiata a senso unico di marcia;Asciutto;Asfaltata;Orizzontale;Sereno;Normale;Buona;Ore Diurne;1;0;0;3;12.55896;41.8934;-1;2;Motociclo a solo;In marcia / fermata / arresto;Conducente;M;Rifiuta cure immediate;0;NON DECEDUTO;Non accertato;
2747217;6;24/03/2016 11:50;Strada Urbana;VIA ALATRI;in prossimità;;del civico n.;20;;Veicolo in marcia contro veicolo arresto;Rettilineo;Una carreggiata a senso unico di marcia;Asciutto;Asfaltata;Orizzontale;Sereno;Normale;Buona;Ore Diurne;1;0;0;3;12.55896;41.8934;-1;3;Autovettura privata;In marcia / fermata / arresto;Conducente;F;Illeso;0;;Non accertato;Inesploso
2747263;1;23/03/2016 13:45;Strada Urbana;VIA LABICANA;in prossimità;;del civico n.;95;;Tamponamento;Rettilineo;Più di due carreggiate;Asciutto;Asfaltata;Verticale ed orizzontale;Nuvoloso;Normale;Buona;Ore Diurne;0;0;0;2;12.49751;41.88984;-1;1;Autovettura di polizia;In marcia / fermata / arresto;Conducente;M;Illeso;0;;Non accertato;
2747263;1;23/03/2016 13:45;Strada Urbana;VIA LABICANA;in prossimità;;del civico n.;95;;Tamponamento;Rettilineo;Più di due carreggiate;Asciutto;Asfaltata;Verticale ed orizzontale;Nuvoloso;Normale;Buona;Ore Diurne;0;0;0;2;12.49751;41.88984;-1;2;Autobus urbano;In marcia / fermata / arresto;Conducente;M;Illeso;0;;Non accertato;
2747269;2;24/03/2016 11:15;Strada Urbana;VIA DI VILLA ALBANI;all'intersezione con;VIA BRESCIA;VIA BRESCIA;;;Veicolo in marcia contro veicolo in sosta;Incrocio;Una carreggiata a senso unico di marcia;Asciutto;Acciotolata;Verticale ed orizzontale;Sereno;Scarso;Buona;Ore Diurne;0;0;0;2;12.49973;41.914;-1;1;Autovettura privata;In marcia / fermata / arresto;Conducente;F;Illeso;0;;Non accertato;Inesploso
2747269;2;24/03/2016 11:15;Strada Urbana;VIA DI VILLA ALBANI;all'intersezione con;VIA BRESCIA;VIA BRESCIA;;;Veicolo in marcia contro veicolo in sosta;Incrocio;Una carreggiata a senso unico di marcia;Asciutto;Acciotolata;Verticale ed orizzontale;Sereno;Scarso;Buona;Ore Diurne;0;0;0;2;12.49973;41.914;-1;1;Autovettura privata;In marcia / fermata / arresto;Passeggero;M;Illeso;0;;Non accertato;Inesploso
2747270;1;23/03/2016 15:20;Strada Urbana;VIA DEL CORSO;in prossimità;;del civico n.;337;;Veicolo in marcia contro veicolo fermo;Rettilineo;Una carreggiata a doppio senso;Asciutto;Asfaltata;Verticale ed orizzontale;Nuvoloso;Normale;Buona;Ore Diurne;1;0;0;1;12.48075;41.90026;-1;1;Velocipede;In marcia / fermata / arresto;Conducente;F;Rimandato;0;NON DECEDUTO;Esente;
2747270;1;23/03/2016 15:20;Strada Urbana;VIA DEL CORSO;in prossimità;;del civico n.;337;;Veicolo in marcia contro veicolo fermo;Rettilineo;Una carreggiata a doppio senso;Asciutto;Asfaltata;Verticale ed orizzontale;Nuvoloso;Normale;Buona;Ore Diurne;1;0;0;1;12.48075;41.90026;-1;2;Autovettura pubblica;In marcia / fermata / arresto;Conducente;M;Illeso;0;;;
2747331;16;23/03/2016 20:30;Strada Urbana;VIA AURELIA ANTICA;da specificare;;;;in corrispondenza fronte civico 446;Scontro frontale/laterale DX fra veicoli in marcia;Rettilineo;Una carreggiata a doppio senso;Asciutto;Asfaltata;Verticale;Sereno;Normale;Buona;Sufficiente;1;0;0;3;12.43494;41.89015;-1;1;Autovettura privata;In marcia / fermata / arresto;Conducente;F;Illeso;0;;Non accertato;Inesploso
2747331;16;23/03/2016 20:30;Strada Urbana;VIA AURELIA ANTICA;da specificare;;;;in corrispondenza fronte civico 446;Scontro frontale/laterale DX fra veicoli in marcia;Rettilineo;Una carreggiata a doppio senso;Asciutto;Asfaltata;Verticale;Sereno;Normale;Buona;Sufficiente;1;0;0;3;12.43494;41.89015;-1;1;Autovettura privata;In marcia / fermata / arresto;Passeggero;F;Illeso;0;;Non accertato;Inesploso
2747331;16;23/03/2016 20:30;Strada Urbana;VIA AURELIA ANTICA;da specificare;;;;in corrispondenza fronte civico 446;Scontro frontale/laterale DX fra veicoli in marcia;Rettilineo;Una carreggiata a doppio senso;Asciutto;Asfaltata;Verticale;Sereno;Normale;Buona;Sufficiente;1;0;0;3;12.43494;41.89015;-1;1;Autovettura privata;In marcia / fermata / arresto;Passeggero;M;Illeso;0;;Non accertato;Inesploso